PLAYER_ID,PLAYER_NAME,DRAFT_YEAR,ORGANIZATION_TYPE,PRE_NBA_SEASON,PRE_NBA_GP,PRE_NBA_MPG,PRE_NBA_PPG,PRE_NBA_RPG,PRE_NBA_APG,PRE_NBA_TS_PCT,PRE_NBA_USG_PCT,FIRST_VALUABLE_NBA_SEASON,FIRST_VALUABLE_NBA_GP,FIRST_VALUABLE_NBA_MPG,FIRST_VALUABLE_NBA_PPG,FIRST_VALUABLE_NBA_RPG,FIRST_VALUABLE_NBA_APG,FIRST_VALUABLE_NBA_TS_PCT,FIRST_VALUABLE_NBA_USG_PCT
1628366,Lonzo Ball,2017,College/University,2017,36.0,35.1,14.6,6.0,7.6,0.679,0.181,2017-18,52.0,34.2,10.2,6.9,7.2,0.444,0.169
1628366,Lonzo Ball,2017,College/University,2017,36.0,35.1,14.6,6.0,7.6,0.679,0.181,2017-18,52.0,34.2,10.2,6.9,7.2,0.444,0.169
1628367,Josh Jackson,2017,College/University,2017,35.0,30.8,16.3,7.4,3.0,0.566,0.272,2017-18,77.0,25.4,13.1,4.6,1.5,0.48,0.253
1628367,Josh Jackson,2017,College/University,2017,35.0,30.8,16.3,7.4,3.0,0.566,0.272,2017-18,77.0,25.4,13.1,4.6,1.5,0.48,0.253
1628368,De'Aaron Fox,2017,College/University,2017,36.0,29.6,16.7,4.0,4.6,0.556,0.274,2017-18,73.0,27.7,11.6,2.8,4.4,0.478,0.227
1628368,De'Aaron Fox,2017,College/University,2017,36.0,29.6,16.7,4.0,4.6,0.556,0.274,2017-18,73.0,27.7,11.6,2.8,4.4,0.478,0.227
1628369,Jayson Tatum,2017,College/University,2017,29.0,33.3,16.8,7.3,2.1,0.571,0.266,2017-18,80.0,30.5,13.9,5.0,1.6,0.586,0.192
1628369,Jayson Tatum,2017,College/University,2017,29.0,33.3,16.8,7.3,2.1,0.571,0.266,2017-18,80.0,30.5,13.9,5.0,1.6,0.586,0.192
1628370,Malik Monk,2017,College/University,2017,38.0,32.1,19.8,2.5,2.3,0.592,0.273,2017-18,63.0,13.5,6.7,1.0,1.4,0.477,0.241
1628370,Malik Monk,2017,College/University,2017,38.0,32.1,19.8,2.5,2.3,0.592,0.273,2017-18,63.0,13.5,6.7,1.0,1.4,0.477,0.241
1628371,Jonathan Isaac,2017,College/University,2017,32.0,26.2,12.0,7.8,1.2,0.622,0.203,2017-18,27.0,19.8,5.4,3.7,0.7,0.465,0.149
1628371,Jonathan Isaac,2017,College/University,2017,32.0,26.2,12.0,7.8,1.2,0.622,0.203,2017-18,27.0,19.8,5.4,3.7,0.7,0.465,0.149
1628372,Dennis Smith Jr.,2017,College/University,2017,32.0,34.8,18.1,4.6,6.2,0.571,0.271,2017-18,69.0,29.7,15.2,3.8,5.2,0.473,0.28
1628372,Dennis Smith Jr.,2017,College/University,2017,32.0,34.8,18.1,4.6,6.2,0.571,0.271,2017-18,69.0,29.7,15.2,3.8,5.2,0.473,0.28
1628374,Lauri Markkanen,2017,College/University,2017,37.0,30.8,15.6,7.2,0.9,0.643,0.224,2017-18,68.0,29.7,15.2,7.5,1.2,0.552,0.215
1628374,Lauri Markkanen,2017,College/University,2017,37.0,30.8,15.6,7.2,0.9,0.643,0.224,2017-18,68.0,29.7,15.2,7.5,1.2,0.552,0.215
1628378,Donovan Mitchell,2017,College/University,2017,34.0,32.3,15.6,4.9,2.7,0.538,0.247,2017-18,79.0,33.4,20.5,3.7,3.7,0.541,0.283
1628378,Donovan Mitchell,2017,College/University,2017,34.0,32.3,15.6,4.9,2.7,0.538,0.247,2017-18,79.0,33.4,20.5,3.7,3.7,0.541,0.283
1628379,Luke Kennard,2017,College/University,2017,37.0,35.5,19.5,5.1,2.5,0.637,0.24,2017-18,73.0,20.0,7.6,2.4,1.7,0.56,0.169
1628379,Luke Kennard,2017,College/University,2017,37.0,35.5,19.5,5.1,2.5,0.637,0.24,2017-18,73.0,20.0,7.6,2.4,1.7,0.56,0.169
1628380,Zach Collins,2017,College/University,2017,39.0,17.2,10.0,5.9,0.4,0.717,0.247,2017-18,66.0,15.8,4.4,3.3,0.8,0.475,0.153
1628380,Zach Collins,2017,College/University,2017,39.0,17.2,10.0,5.9,0.4,0.717,0.247,2017-18,66.0,15.8,4.4,3.3,0.8,0.475,0.153
1628381,John Collins,2017,College/University,2017,32.0,26.3,18.9,9.8,0.5,0.664,0.299,2017-18,74.0,24.1,10.5,7.3,1.3,0.62,0.174
1628381,John Collins,2017,College/University,2017,32.0,26.3,18.9,9.8,0.5,0.664,0.299,2017-18,74.0,24.1,10.5,7.3,1.3,0.62,0.174
1628382,Justin Jackson,2017,College/University,2017,33.0,27.8,10.5,6.0,0.9,0.561,0.202,2017-18,68.0,22.2,6.7,2.8,1.1,0.521,0.139
1628382,Justin Jackson,2017,College/University,2017,40.0,32.0,18.3,4.6,2.8,0.559,0.258,2017-18,68.0,22.2,6.7,2.8,1.1,0.521,0.139
1628382,Justin Jackson,2017,College/University,2017,33.0,27.8,10.5,6.0,0.9,0.561,0.202,2017-18,68.0,22.2,6.7,2.8,1.1,0.521,0.139
1628382,Justin Jackson,2017,College/University,2017,40.0,32.0,18.3,4.6,2.8,0.559,0.258,2017-18,68.0,22.2,6.7,2.8,1.1,0.521,0.139
1628384,OG Anunoby,2017,College/University,2017,16.0,25.1,11.1,5.4,1.4,0.618,0.203,2017-18,74.0,20.0,5.9,2.5,0.7,0.587,0.121
1628384,OG Anunoby,2017,College/University,2017,16.0,25.1,11.1,5.4,1.4,0.618,0.203,2017-18,74.0,20.0,5.9,2.5,0.7,0.587,0.121
1628385,Harry Giles III,2017,College/University,2017,26.0,11.5,3.9,3.8,0.3,0.576,0.182,2018-19,58.0,14.1,7.0,3.8,1.5,0.526,0.227
1628385,Harry Giles III,2017,College/University,2017,26.0,11.5,3.9,3.8,0.3,0.576,0.182,2018-19,58.0,14.1,7.0,3.8,1.5,0.526,0.227
1628386,Jarrett Allen,2017,College/University,2017,32.0,32.2,13.6,8.4,0.7,0.585,0.228,2017-18,72.0,20.0,8.2,5.4,0.7,0.636,0.162
1628386,Jarrett Allen,2017,College/University,2017,32.0,32.2,13.6,8.4,0.7,0.585,0.228,2017-18,72.0,20.0,8.2,5.4,0.7,0.636,0.162
1628389,Bam Adebayo,2017,College/University,2017,38.0,30.2,13.0,8.0,0.8,0.637,0.184,2017-18,69.0,19.8,6.9,5.5,1.5,0.57,0.157
1628389,Bam Adebayo,2017,College/University,2017,38.0,30.2,13.0,8.0,0.8,0.637,0.184,2017-18,69.0,19.8,6.9,5.5,1.5,0.57,0.157
1628391,D.J. Wilson,2017,College/University,2017,38.0,30.4,11.0,5.3,1.3,0.632,0.184,2018-19,48.0,18.4,5.8,4.6,1.1,0.515,0.141
1628391,D.J. Wilson,2017,College/University,2017,38.0,30.4,11.0,5.3,1.3,0.632,0.184,2018-19,48.0,18.4,5.8,4.6,1.1,0.515,0.141
1628393,Jawun Evans,2017,College/University,2017,32.0,29.2,19.2,3.4,6.4,0.541,0.328,2017-18,48.0,16.2,4.8,1.8,2.1,0.421,0.17
1628393,Jawun Evans,2017,College/University,2017,32.0,29.2,19.2,3.4,6.4,0.541,0.328,2017-18,48.0,16.2,4.8,1.8,2.1,0.421,0.17
1628395,Jordan Bell,2017,College/University,2017,26.0,11.6,4.1,3.2,0.6,0.511,0.194,2017-18,57.0,14.2,4.6,3.6,1.8,0.641,0.134
1628395,Jordan Bell,2017,College/University,2017,39.0,28.9,10.9,8.8,1.8,0.666,0.179,2017-18,57.0,14.2,4.6,3.6,1.8,0.641,0.134
1628395,Jordan Bell,2017,College/University,2017,26.0,11.6,4.1,3.2,0.6,0.511,0.194,2017-18,57.0,14.2,4.6,3.6,1.8,0.641,0.134
1628395,Jordan Bell,2017,College/University,2017,39.0,28.9,10.9,8.8,1.8,0.666,0.179,2017-18,57.0,14.2,4.6,3.6,1.8,0.641,0.134
1628397,Ivan Rabb,2017,College/University,2017,31.0,32.6,14.0,10.5,1.5,0.55,0.238,2017-18,36.0,14.3,5.6,4.4,0.9,0.599,0.167
1628397,Ivan Rabb,2017,College/University,2017,31.0,32.6,14.0,10.5,1.5,0.55,0.238,2017-18,36.0,14.3,5.6,4.4,0.9,0.599,0.167
1628398,Kyle Kuzma,2017,College/University,2017,28.0,30.6,16.2,9.4,2.5,0.571,0.269,2017-18,77.0,31.2,16.1,6.3,1.8,0.549,0.219
1628398,Kyle Kuzma,2017,College/University,2017,28.0,30.6,16.2,9.4,2.5,0.571,0.269,2017-18,77.0,31.2,16.1,6.3,1.8,0.549,0.219
1628400,Semi Ojeleye,2017,College/University,2017,35.0,34.1,19.0,6.9,1.5,0.63,0.258,2017-18,73.0,15.8,2.7,2.2,0.3,0.473,0.088
1628400,Semi Ojeleye,2017,College/University,2017,35.0,34.1,19.0,6.9,1.5,0.63,0.258,2017-18,73.0,15.8,2.7,2.2,0.3,0.473,0.088
1628401,Derrick White,2017,College/University,2017,33.0,32.9,18.1,4.1,4.3,0.634,0.252,2018-19,67.0,25.8,9.9,3.7,3.9,0.555,0.178
1628401,Derrick White,2017,College/University,2017,33.0,32.9,18.1,4.1,4.3,0.634,0.252,2018-19,67.0,25.8,9.9,3.7,3.9,0.555,0.178
1628402,Frank Jackson,2017,College/University,2017,36.0,24.9,10.9,2.5,1.7,0.605,0.211,2018-19,61.0,19.2,8.1,2.2,1.1,0.517,0.178
1628402,Frank Jackson,2017,College/University,2017,36.0,24.9,10.9,2.5,1.7,0.605,0.211,2018-19,61.0,19.2,8.1,2.2,1.1,0.517,0.178
1628404,Josh Hart,2017,College/University,2017,36.0,33.2,18.7,6.4,2.9,0.626,0.277,2017-18,63.0,23.2,7.9,4.2,1.3,0.596,0.133
1628404,Josh Hart,2017,College/University,2017,36.0,33.2,18.7,6.4,2.9,0.626,0.277,2017-18,63.0,23.2,7.9,4.2,1.3,0.596,0.133
1628407,Dwayne Bacon,2017,College/University,2017,35.0,28.8,17.2,4.2,1.7,0.548,0.295,2017-18,53.0,13.5,3.3,2.3,0.7,0.431,0.13
1628407,Dwayne Bacon,2017,College/University,2017,35.0,28.8,17.2,4.2,1.7,0.548,0.295,2017-18,53.0,13.5,3.3,2.3,0.7,0.431,0.13
1628409,Alec Peters,2017,College/University,2017,29.0,35.1,23.0,10.1,2.2,0.602,0.305,2017-18,20.0,11.2,4.1,1.8,0.6,0.523,0.151
1628409,Alec Peters,2017,College/University,2017,29.0,35.1,23.0,10.1,2.2,0.602,0.305,2017-18,20.0,11.2,4.1,1.8,0.6,0.523,0.151
1628411,Wes Iwundu,2017,College/University,2017,34.0,31.3,12.7,6.3,3.4,0.585,0.221,2017-18,62.0,16.5,3.7,2.2,0.9,0.48,0.114
1628411,Wes Iwundu,2017,College/University,2017,34.0,31.3,12.7,6.3,3.4,0.585,0.221,2017-18,62.0,16.5,3.7,2.2,0.9,0.48,0.114
1628412,Frank Mason III,2017,College/University,2017,36.0,36.2,20.9,4.2,5.2,0.631,0.255,2017-18,52.0,18.9,7.9,2.5,2.8,0.48,0.226
1628412,Frank Mason III,2017,College/University,2017,36.0,36.2,20.9,4.2,5.2,0.631,0.255,2017-18,52.0,18.9,7.9,2.5,2.8,0.48,0.226
1628414,Sindarius Thornwell,2017,College/University,2017,31.0,34.3,21.4,7.1,2.8,0.6,0.291,2017-18,73.0,15.8,3.9,1.9,0.9,0.519,0.118
1628414,Sindarius Thornwell,2017,College/University,2017,31.0,34.3,21.4,7.1,2.8,0.6,0.291,2017-18,73.0,15.8,3.9,1.9,0.9,0.519,0.118
1628415,Dillon Brooks,2017,College/University,2017,35.0,25.3,16.1,3.2,2.7,0.591,0.316,2017-18,82.0,28.7,11.0,3.1,1.6,0.531,0.184
1628415,Dillon Brooks,2017,College/University,2017,35.0,25.3,16.1,3.2,2.7,0.591,0.316,2017-18,82.0,28.7,11.0,3.1,1.6,0.531,0.184
1628416,Tyler Dorsey,2017,College/University,2017,39.0,30.0,14.6,3.5,1.7,0.612,0.229,2017-18,56.0,17.4,7.2,2.3,1.4,0.494,0.193
1628416,Tyler Dorsey,2017,College/University,2017,39.0,30.0,14.6,3.5,1.7,0.612,0.229,2017-18,56.0,17.4,7.2,2.3,1.4,0.494,0.193
1628417,Jaron Blossomgame,2017,College/University,2017,32.0,34.3,17.5,6.2,1.6,0.565,0.257,2018-19,27.0,16.3,4.2,3.6,0.5,0.51,0.12
1628417,Jaron Blossomgame,2017,College/University,2017,32.0,34.3,17.5,6.2,1.6,0.565,0.257,2018-19,27.0,16.3,4.2,3.6,0.5,0.51,0.12
1628418,Thomas Bryant,2017,College/University,2017,33.0,28.2,12.5,6.6,1.4,0.611,0.219,2018-19,72.0,20.8,10.5,6.3,1.3,0.674,0.17
1628418,Thomas Bryant,2017,College/University,2017,33.0,28.2,12.5,6.6,1.4,0.611,0.219,2018-19,72.0,20.8,10.5,6.3,1.3,0.674,0.17
1628420,Monte Morris,2017,College/University,2017,35.0,35.3,16.4,4.8,6.2,0.56,0.228,2018-19,82.0,24.0,10.4,2.4,3.6,0.577,0.168
1628420,Monte Morris,2017,College/University,2017,35.0,35.3,16.4,4.8,6.2,0.56,0.228,2018-19,82.0,24.0,10.4,2.4,3.6,0.577,0.168
1628422,Damyean Dotson,2017,College/University,2017,32.0,34.3,17.4,6.9,1.1,0.613,0.232,2017-18,44.0,10.8,4.1,1.9,0.7,0.532,0.169
1628422,Damyean Dotson,2017,College/University,2017,32.0,34.3,17.4,6.9,1.1,0.613,0.232,2017-18,44.0,10.8,4.1,1.9,0.7,0.532,0.169
1628425,Sterling Brown,2017,College/University,2017,35.0,32.7,13.4,6.5,3.0,0.588,0.219,2017-18,54.0,14.4,4.0,2.6,0.5,0.503,0.135
1628425,Sterling Brown,2017,College/University,2017,35.0,32.7,13.4,6.5,3.0,0.588,0.219,2017-18,54.0,14.4,4.0,2.6,0.5,0.503,0.135
1628432,Davon Reed,2017,College/University,2017,33.0,35.3,14.9,4.8,2.4,0.585,0.222,2017-18,21.0,11.5,3.0,1.9,0.6,0.388,0.158
1628432,Davon Reed,2017,College/University,2017,33.0,35.3,14.9,4.8,2.4,0.585,0.222,2017-18,21.0,11.5,3.0,1.9,0.6,0.388,0.158
1628960,Grayson Allen,2018,College/University,2018,36.0,35.9,15.8,3.3,4.6,0.591,0.207,2018-19,38.0,11.0,5.6,0.6,0.7,0.516,0.238
1628963,Marvin Bagley III,2018,College/University,2018,32.0,34.0,20.9,11.2,1.5,0.651,0.257,2018-19,62.0,25.3,14.9,7.6,1.0,0.562,0.237
1628964,Mo Bamba,2018,College/University,2018,30.0,30.2,12.9,10.5,0.5,0.6,0.212,2018-19,47.0,16.3,6.2,5.0,0.8,0.539,0.174
1628966,Keita Bates-Diop,2018,College/University,2018,34.0,33.1,19.8,8.7,1.6,0.582,0.295,2018-19,30.0,16.8,5.0,2.8,0.6,0.489,0.14
1628969,Mikal Bridges,2018,College/University,2018,40.0,32.1,17.6,5.3,1.9,0.661,0.232,2018-19,82.0,29.5,8.3,3.2,2.1,0.556,0.119
1628970,Miles Bridges,2018,College/University,2018,33.0,31.6,17.0,7.0,2.8,0.574,0.27,2018-19,80.0,21.2,7.5,4.0,1.2,0.548,0.147
1628971,Bruce Brown,2018,College/University,2018,19.0,33.7,11.4,7.1,4.0,0.494,0.208,2018-19,74.0,19.6,4.3,2.5,1.2,0.469,0.113
1628972,Troy Brown Jr.,2018,College/University,2018,35.0,31.2,11.3,6.2,3.2,0.538,0.212,2018-19,52.0,14.0,4.8,2.8,1.5,0.487,0.158
1628973,Jalen Brunson,2018,College/University,2018,40.0,31.8,18.9,3.0,4.6,0.641,0.264,2018-19,73.0,21.8,9.3,2.3,3.2,0.549,0.186
1628975,Jevon Carter,2018,College/University,2018,36.0,35.5,17.4,4.7,6.6,0.555,0.246,2018-19,39.0,14.8,4.4,1.7,1.8,0.432,0.172
1628976,Wendell Carter Jr.,2018,College/University,2018,36.0,27.0,13.5,9.1,2.0,0.634,0.226,2018-19,44.0,25.2,10.3,7.0,1.8,0.541,0.192
1628977,Hamidou Diallo,2018,College/University,2018,34.0,24.6,9.9,3.4,1.2,0.513,0.223,2018-19,51.0,10.3,3.7,1.9,0.3,0.497,0.16
1628978,Donte DiVincenzo,2018,College/University,2018,40.0,29.2,13.4,4.8,3.5,0.613,0.224,2018-19,27.0,15.2,4.9,2.4,1.1,0.507,0.145
1628980,Jacob Evans,2018,College/University,2018,35.0,30.8,12.8,4.7,3.1,0.546,0.224,2019-20,29.0,14.4,4.4,1.4,1.1,0.436,0.167
1628981,Bruno Fernando,2019,College/University,2019,34.0,29.0,13.6,10.6,2.0,0.662,0.233,2019-20,56.0,12.7,4.3,3.5,0.9,0.542,0.147
1628983,Shai Gilgeous-Alexander,2018,College/University,2018,34.0,34.1,14.8,4.2,5.2,0.582,0.225,2018-19,82.0,26.5,10.8,2.8,3.3,0.554,0.182
1628984,Devonte' Graham,2018,College/University,2018,38.0,38.0,17.3,4.0,7.1,0.577,0.238,2018-19,46.0,14.7,4.7,1.4,2.6,0.459,0.166
1628988,Aaron Holiday,2018,College/University,2018,33.0,37.7,20.3,3.7,5.8,0.616,0.266,2018-19,50.0,12.9,5.9,1.3,1.7,0.518,0.206
1628989,Kevin Huerter,2018,College/University,2018,32.0,34.4,14.8,5.0,3.4,0.646,0.215,2018-19,75.0,27.3,9.7,3.3,2.9,0.533,0.153
1628990,Chandler Hutchison,2018,College/University,2018,28.0,32.1,20.9,7.5,3.6,0.597,0.33,2018-19,44.0,20.3,5.2,4.2,0.8,0.507,0.121
1628991,Jaren Jackson Jr.,2018,College/University,2018,34.0,22.1,11.2,5.9,1.1,0.66,0.236,2018-19,58.0,26.1,13.8,4.7,1.1,0.591,0.231
1628995,Kevin Knox II,2018,College/University,2018,34.0,32.1,15.6,5.3,1.4,0.567,0.247,2018-19,75.0,28.8,12.8,4.5,1.1,0.475,0.219
1628998,Cody Martin,2019,College/University,2019,34.0,34.4,12.1,4.5,4.9,0.6,0.174,2019-20,48.0,18.8,5.0,3.3,2.0,0.505,0.131
1629001,De'Anthony Melton,2018,College/University,2017,36.0,27.0,8.3,4.7,3.5,0.538,0.177,2018-19,50.0,19.7,5.0,2.7,3.2,0.466,0.147
1629001,De'Anthony Melton,2018,College/University,2017,36.0,27.0,8.3,4.7,3.5,0.538,0.177,2018-19,50.0,19.7,5.0,2.7,3.2,0.466,0.147
1629003,Shake Milton,2018,College/University,2018,22.0,36.4,18.0,4.7,4.4,0.613,0.248,2018-19,20.0,13.4,4.4,1.8,0.9,0.483,0.147
1629004,Svi Mykhailiuk,2018,College/University,2018,38.0,34.7,14.4,4.0,2.8,0.564,0.212,2018-19,42.0,10.5,3.2,0.9,0.9,0.447,0.157
1629006,Josh Okogie,2018,College/University,2018,24.0,36.4,18.2,6.2,2.5,0.558,0.269,2018-19,74.0,23.7,7.7,2.9,1.2,0.492,0.148
1629008,Michael Porter Jr.,2018,College/University,2018,3.0,17.7,10.0,6.7,0.3,0.442,0.373,2019-20,55.0,16.4,9.3,4.7,0.8,0.617,0.211
1629010,Jerome Robinson,2018,College/University,2018,35.0,36.0,20.7,3.6,3.3,0.614,0.274,2019-20,63.0,15.5,5.1,2.0,1.4,0.476,0.155
1629012,Collin Sexton,2018,College/University,2018,33.0,29.9,19.2,3.8,3.6,0.576,0.329,2018-19,82.0,31.8,16.7,2.9,3.0,0.52,0.247
1629013,Landry Shamet,2018,College/University,2018,30.0,31.9,14.5,3.1,5.4,0.65,0.207,2018-19,79.0,22.8,9.1,1.7,1.5,0.604,0.145
1629016,Omari Spellman,2018,College/University,2018,40.0,28.1,10.8,8.0,0.8,0.592,0.184,2018-19,46.0,17.5,5.9,4.2,1.0,0.516,0.146
1629018,Gary Trent Jr.,2018,College/University,2018,36.0,33.9,14.6,4.3,1.4,0.571,0.196,2019-20,61.0,21.8,8.9,1.6,1.0,0.587,0.15
1629021,Moritz Wagner,2018,College/University,2018,37.0,27.7,14.5,7.2,0.9,0.618,0.262,2018-19,43.0,10.4,4.8,2.0,0.6,0.533,0.21
1629022,Lonnie Walker IV,2018,College/University,2018,32.0,27.8,11.5,2.6,1.9,0.531,0.224,2019-20,61.0,16.2,6.4,2.3,1.1,0.507,0.183
1629023,P.J. Washington,2019,College/University,2019,35.0,29.3,15.2,7.5,1.8,0.6,0.256,2019-20,58.0,30.3,12.2,5.4,2.1,0.547,0.184
1629027,Trae Young,2018,College/University,2018,32.0,35.4,27.4,3.9,8.7,0.593,0.371,2018-19,81.0,30.9,19.1,3.7,8.1,0.539,0.277
1629028,Deandre Ayton,2018,College/University,2018,34.0,33.5,20.1,11.5,1.6,0.658,0.267,2018-19,71.0,30.7,16.3,10.3,1.8,0.608,0.21
1629057,Robert Williams III,2018,College/University,2018,28.0,25.8,10.0,9.1,1.4,0.613,0.186,2019-20,29.0,13.4,5.2,4.4,0.9,0.728,0.135
1629060,Rui Hachimura,2019,College/University,2019,37.0,30.2,19.7,6.5,1.5,0.648,0.28,2019-20,48.0,30.1,13.5,6.1,1.8,0.535,0.189
1629604,CJ Elleby,2020,College/University,2020,32.0,33.4,18.4,7.8,1.9,0.523,0.292,2021-22,58.0,20.2,5.8,3.9,1.5,0.491,0.143
1629611,Terance Mann,2019,College/University,2019,37.0,31.7,11.4,6.5,2.5,0.611,0.175,2020-21,67.0,18.9,7.0,3.6,1.6,0.603,0.144
1629614,Andrew Nembhard,2022,College/University,2022,32.0,32.2,11.8,3.4,5.8,0.567,0.186,2022-23,75.0,27.6,9.5,2.7,4.5,0.528,0.159
1629618,Jalen Pickett,2023,College/University,2023,37.0,36.5,17.7,7.4,6.6,0.581,0.273,2024-25,49.0,13.6,4.1,1.4,2.2,0.545,0.13
1629627,Zion Williamson,2019,College/University,2019,33.0,30.0,22.6,8.9,2.1,0.711,0.283,2019-20,24.0,27.8,22.5,6.2,2.1,0.616,0.291
1629628,RJ Barrett,2019,College/University,2019,38.0,35.3,22.6,7.6,4.3,0.537,0.322,2019-20,56.0,30.4,14.3,5.0,2.6,0.479,0.234
1629629,Cam Reddish,2019,College/University,2019,36.0,29.7,13.5,3.7,1.9,0.503,0.253,2019-20,58.0,26.7,10.5,3.7,1.5,0.5,0.185
1629630,Ja Morant,2019,College/University,2019,33.0,36.6,24.5,5.7,10.0,0.621,0.332,2019-20,67.0,31.0,17.8,3.9,7.3,0.556,0.256
1629631,De'Andre Hunter,2019,College/University,2019,38.0,32.5,15.2,5.1,2.0,0.625,0.241,2019-20,63.0,32.0,12.3,4.5,1.8,0.521,0.173
1629632,Coby White,2019,College/University,2019,35.0,28.5,16.1,3.5,4.1,0.561,0.27,2019-20,65.0,25.8,13.2,3.5,2.7,0.506,0.235
1629633,Jarrett Culver,2019,College/University,2019,38.0,32.5,18.5,6.4,3.7,0.548,0.322,2019-20,63.0,23.9,9.2,3.4,1.7,0.467,0.187
1629634,Brandon Clarke,2019,College/University,2019,37.0,28.1,16.9,8.6,1.9,0.708,0.239,2019-20,58.0,22.4,12.1,5.9,1.4,0.663,0.18
1629636,Darius Garland,2019,College/University,2019,5.0,27.8,16.2,3.8,2.6,0.663,0.256,2019-20,59.0,30.9,12.3,1.9,3.9,0.498,0.201
1629637,Jaxson Hayes,2019,College/University,2019,32.0,23.3,10.0,5.0,0.2,0.751,0.171,2019-20,64.0,16.9,7.4,4.0,0.9,0.689,0.146
1629638,Nickeil Alexander-Walker,2019,College/University,2019,34.0,34.3,16.2,4.1,4.0,0.592,0.264,2019-20,47.0,12.6,5.7,1.8,1.9,0.473,0.233
1629639,Tyler Herro,2019,College/University,2019,37.0,32.6,14.0,4.5,2.5,0.585,0.215,2019-20,55.0,27.4,13.5,4.1,2.2,0.55,0.213
1629640,Keldon Johnson,2019,College/University,2019,37.0,30.7,13.5,5.9,1.6,0.564,0.227,2020-21,69.0,28.5,12.8,6.0,1.8,0.557,0.189
1629641,Romeo Langford,2019,College/University,2019,32.0,34.1,16.5,5.4,2.3,0.55,0.26,2019-20,32.0,11.6,2.5,1.3,0.4,0.434,0.113
1629642,Nassir Little,2019,College/University,2019,36.0,18.2,9.8,4.6,0.6,0.555,0.252,2019-20,48.0,11.9,3.6,2.2,0.5,0.505,0.131
1629643,Chuma Okeke,2019,College/University,2019,38.0,29.1,12.0,6.8,1.9,0.602,0.199,2020-21,45.0,25.2,7.8,4.0,2.2,0.511,0.142
1629644,KZ Okpala,2019,College/University,2019,29.0,32.7,16.8,5.7,2.0,0.551,0.272,2020-21,37.0,12.1,2.5,1.8,0.5,0.448,0.115
1629645,Kevin Porter Jr.,2019,College/University,2019,21.0,22.1,9.5,4.0,1.4,0.564,0.235,2019-20,50.0,23.2,10.0,3.2,2.2,0.535,0.202
1629646,Charles Bassey,2021,College/University,2021,28.0,30.4,17.6,11.6,0.7,0.65,0.265,2022-23,35.0,14.5,5.7,5.5,1.4,0.658,0.152
1629651,Nic Claxton,2019,College/University,2019,32.0,31.6,13.0,8.6,1.8,0.543,0.22,2020-21,32.0,18.6,6.6,5.2,0.9,0.612,0.136
1629655,Daniel Gafford,2019,College/University,2019,32.0,28.7,16.9,8.7,0.7,0.663,0.258,2019-20,43.0,14.2,5.1,2.5,0.5,0.686,0.131
1629656,Quentin Grimes,2021,College/University,2021,30.0,32.8,17.8,5.7,2.0,0.562,0.271,2021-22,46.0,17.1,6.0,2.0,1.0,0.565,0.149
1629659,Talen Horton-Tucker,2019,College/University,2019,35.0,27.2,11.8,4.9,2.3,0.492,0.261,2020-21,65.0,20.1,9.0,2.6,2.8,0.536,0.21
1629660,Ty Jerome,2019,College/University,2019,37.0,33.9,13.6,4.2,5.5,0.559,0.234,2019-20,31.0,10.6,3.3,1.5,1.4,0.425,0.17
1629661,Cameron Johnson,2019,College/University,2019,36.0,29.9,16.9,5.8,2.4,0.653,0.217,2019-20,57.0,22.0,8.8,3.3,1.2,0.586,0.151
1629667,Jalen McDaniels,2019,College/University,2019,34.0,31.1,15.9,8.3,2.1,0.529,0.287,2020-21,47.0,19.2,7.4,3.6,1.1,0.554,0.169
1629669,Jaylen Nowell,2019,College/University,2019,36.0,34.4,16.2,5.3,3.1,0.597,0.253,2020-21,42.0,18.1,9.0,2.3,1.5,0.528,0.206
1629670,Jordan Nwora,2020,College/University,2020,31.0,33.1,18.0,7.7,1.3,0.574,0.278,2021-22,62.0,19.1,7.9,3.6,1.0,0.506,0.187
1629672,Eric Paschall,2019,College/University,2019,36.0,36.1,16.5,6.1,2.1,0.577,0.245,2019-20,60.0,27.6,14.0,4.6,2.1,0.571,0.207
1629673,Jordan Poole,2019,College/University,2019,37.0,33.1,12.8,3.0,2.2,0.578,0.209,2019-20,57.0,22.3,8.8,2.1,2.4,0.454,0.2
1629676,Isaiah Roby,2019,College/University,2019,35.0,31.3,11.8,6.9,1.9,0.538,0.215,2020-21,61.0,23.4,8.7,5.6,1.8,0.555,0.171
1629678,Admiral Schofield,2019,College/University,2019,37.0,31.8,16.5,6.1,2.0,0.565,0.263,2019-20,33.0,11.2,3.0,1.4,0.5,0.502,0.118
1629680,Matisse Thybulle,2019,College/University,2019,36.0,31.1,9.1,3.1,2.1,0.546,0.173,2019-20,65.0,19.8,4.7,1.6,1.2,0.539,0.108
1629684,Grant Williams,2019,College/University,2019,37.0,31.9,18.8,7.5,3.2,0.659,0.262,2019-20,69.0,15.1,3.4,2.6,1.0,0.505,0.112
1629685,Dylan Windler,2019,College/University,2019,33.0,32.4,21.3,10.8,2.5,0.688,0.263,2020-21,31.0,16.5,5.2,3.5,1.1,0.567,0.14
1630162,Anthony Edwards,2020,College/University,2020,32.0,33.0,19.1,5.2,2.8,0.526,0.304,2020-21,72.0,32.1,19.3,4.7,2.9,0.523,0.264
1630164,James Wiseman,2020,College/University,2020,3.0,23.0,19.7,10.7,0.3,0.779,0.274,2020-21,39.0,21.4,11.5,5.8,0.7,0.552,0.231
1630167,Obi Toppin,2020,College/University,2020,31.0,31.6,20.0,7.5,2.2,0.691,0.28,2020-21,62.0,11.0,4.1,2.2,0.5,0.574,0.157
1630168,Onyeka Okongwu,2020,College/University,2020,28.0,30.6,16.2,8.6,1.1,0.654,0.235,2020-21,50.0,12.0,4.6,3.3,0.4,0.655,0.141
1630169,Tyrese Haliburton,2020,College/University,2020,22.0,36.7,15.2,5.9,6.5,0.635,0.198,2020-21,58.0,30.1,13.0,3.0,5.3,0.585,0.175
1630170,Devin Vassell,2020,College/University,2020,30.0,28.8,12.7,5.1,1.6,0.589,0.201,2020-21,62.0,17.0,5.5,2.8,0.9,0.524,0.138
1630171,Isaac Okoro,2020,College/University,2020,28.0,31.5,12.9,4.4,2.0,0.596,0.195,2020-21,67.0,32.4,9.6,3.1,1.9,0.514,0.142
1630172,Patrick Williams,2020,College/University,2020,29.0,22.5,9.2,4.0,1.0,0.559,0.221,2020-21,71.0,27.9,9.2,4.6,1.4,0.562,0.146
1630173,Precious Achiuwa,2020,College/University,2020,31.0,30.4,15.8,10.8,1.0,0.542,0.276,2020-21,61.0,12.1,5.0,3.4,0.5,0.55,0.184
1630174,Aaron Nesmith,2020,College/University,2020,14.0,35.8,23.0,4.9,0.9,0.692,0.259,2020-21,46.0,14.5,4.7,2.8,0.5,0.573,0.133
1630175,Cole Anthony,2020,College/University,2020,22.0,34.9,18.5,5.7,4.0,0.507,0.298,2020-21,47.0,27.1,12.9,4.7,4.1,0.496,0.235
1630178,Tyrese Maxey,2020,College/University,2020,31.0,34.5,14.0,4.3,3.2,0.536,0.228,2020-21,61.0,15.3,8.0,1.7,2.0,0.531,0.222
1630180,Saddiq Bey,2020,College/University,2020,31.0,33.9,16.1,4.7,2.4,0.613,0.228,2020-21,70.0,27.3,12.2,4.5,1.4,0.567,0.182
1630182,Josh Green,2020,College/University,2020,30.0,30.9,12.0,4.6,2.6,0.534,0.206,2020-21,39.0,11.4,2.6,2.0,0.7,0.49,0.112
1630182,Josh Green,2020,College/University,2020,1.0,7.0,0.0,3.0,1.0,0.0,0.272,2020-21,39.0,11.4,2.6,2.0,0.7,0.49,0.112
1630183,Jaden McDaniels,2020,College/University,2020,31.0,31.1,13.0,5.8,2.1,0.521,0.255,2020-21,63.0,24.0,6.8,3.7,1.1,0.552,0.118
1630184,Kira Lewis Jr.,2020,College/University,2020,31.0,37.6,18.5,4.8,5.2,0.565,0.243,2020-21,54.0,16.7,6.4,1.3,2.3,0.477,0.176
1630185,Nico Mannion,2020,College/University,2020,32.0,32.2,14.0,2.5,5.3,0.525,0.245,2020-21,30.0,12.1,4.1,1.5,2.3,0.487,0.186
1630188,Jalen Smith,2020,College/University,2020,31.0,31.3,15.5,10.5,0.8,0.635,0.227,2021-22,51.0,18.1,9.2,6.0,0.5,0.595,0.193
1630190,Elijah Hughes,2020,College/University,2020,32.0,36.7,19.0,5.0,3.4,0.566,0.266,2021-22,36.0,12.1,3.5,1.6,0.6,0.426,0.158
1630191,Isaiah Stewart,2020,College/University,2020,32.0,32.2,17.0,8.8,0.8,0.639,0.244,2020-21,68.0,21.4,7.9,6.7,0.9,0.597,0.15
1630192,Zeke Nnaji,2020,College/University,2020,32.0,30.7,16.1,8.6,0.8,0.641,0.24,2021-22,41.0,17.0,6.6,3.6,0.4,0.629,0.146
1630193,Immanuel Quickley,2020,College/University,2020,30.0,33.0,16.1,4.2,1.9,0.602,0.235,2020-21,64.0,19.4,11.4,2.1,2.0,0.557,0.246
1630198,Isaiah Joe,2020,College/University,2020,26.0,36.2,16.9,4.1,1.7,0.549,0.242,2021-22,55.0,11.1,3.6,1.0,0.6,0.519,0.144
1630200,Tre Jones,2020,College/University,2020,29.0,35.4,16.2,4.2,6.4,0.53,0.239,2021-22,69.0,16.6,6.0,2.2,3.4,0.545,0.151
1630201,Malachi Flynn,2020,College/University,2020,32.0,33.4,17.6,4.5,5.1,0.589,0.268,2020-21,47.0,19.7,7.5,2.5,2.9,0.484,0.183
1630202,Payton Pritchard,2020,College/University,2020,31.0,36.6,20.5,4.3,5.5,0.606,0.282,2020-21,66.0,19.2,7.7,2.4,1.8,0.582,0.162
1630214,Xavier Tillman,2020,College/University,2020,31.0,32.1,13.7,10.3,3.0,0.6,0.209,2020-21,59.0,18.4,6.6,4.3,1.3,0.605,0.142
1630217,Desmond Bane,2020,College/University,2020,32.0,36.0,16.6,6.4,3.9,0.576,0.244,2020-21,68.0,22.3,9.2,3.1,1.7,0.6,0.155
1630240,Saben Lee,2020,College/University,2020,32.0,32.9,18.6,3.5,4.2,0.589,0.294,2020-21,48.0,16.3,5.6,2.0,3.6,0.536,0.171
1630245,Ayo Dosunmu,2021,College/University,2021,28.0,35.1,20.1,6.3,5.2,0.572,0.297,2021-22,77.0,27.4,8.8,2.8,3.3,0.596,0.138
1630526,Jeremiah Robinson-Earl,2021,College/University,2021,25.0,34.5,15.7,8.5,2.2,0.563,0.244,2021-22,49.0,22.2,7.5,5.6,1.0,0.526,0.152
1630527,Brandon Boston Jr.,2021,College/University,2021,,,,,,,,2021-22,51.0,14.9,6.7,2.2,1.0,0.481,0.212
1630528,Josh Christopher,2021,College/University,2021,15.0,29.7,14.3,4.7,1.4,0.534,0.253,2021-22,74.0,18.0,7.9,2.5,2.0,0.534,0.205
1630529,Herbert Jones,2021,College/University,2021,33.0,27.3,11.2,6.6,3.3,0.535,0.226,2021-22,78.0,29.9,9.5,3.8,2.1,0.573,0.136
1630530,Trey Murphy III,2021,College/University,2021,25.0,29.6,11.3,3.4,1.2,0.675,0.184,2021-22,62.0,13.9,5.4,2.4,0.6,0.558,0.147
1630532,Franz Wagner,2021,College/University,2021,28.0,30.4,12.5,6.5,3.0,0.592,0.205,2021-22,79.0,30.7,15.2,4.5,2.9,0.559,0.208
1630533,Ziaire Williams,2021,College/University,2021,20.0,27.9,10.7,4.6,2.2,0.476,0.261,2021-22,62.0,21.7,8.1,2.1,1.0,0.559,0.144
1630534,Ochai Agbaji,2022,College/University,2022,39.0,35.1,18.8,5.1,1.6,0.6,0.253,2022-23,59.0,20.5,7.9,2.1,1.1,0.561,0.154
1630535,Greg Brown III,2021,College/University,2021,26.0,20.6,9.3,6.2,0.4,0.541,0.268,2021-22,48.0,13.3,4.7,2.8,0.7,0.515,0.168
1630537,Chris Duarte,2021,College/University,2021,26.0,32.6,17.1,4.6,2.7,0.663,0.242,2021-22,55.0,28.0,13.1,4.1,2.1,0.537,0.207
1630538,Bones Hyland,2021,College/University,2021,24.0,31.9,19.5,4.7,2.1,0.602,0.304,2021-22,69.0,19.0,10.1,2.7,2.8,0.558,0.231
1630539,Kai Jones,2021,College/University,2021,26.0,22.8,8.8,4.8,0.6,0.655,0.179,2022-23,46.0,11.9,3.4,2.7,0.3,0.597,0.121
1630540,Miles McBride,2021,College/University,2021,29.0,34.2,15.9,3.9,4.8,0.55,0.229,2022-23,64.0,11.9,3.5,0.8,1.1,0.475,0.141
1630541,Moses Moody,2021,College/University,2021,32.0,33.8,16.8,5.8,1.6,0.576,0.222,2021-22,52.0,11.7,4.4,1.5,0.4,0.573,0.148
1630543,Isaiah Jackson,2021,College/University,2021,25.0,20.7,8.4,6.6,0.7,0.597,0.204,2021-22,36.0,15.0,8.2,4.1,0.3,0.607,0.214
1630544,Tre Mann,2021,College/University,2021,24.0,32.4,16.0,5.6,3.5,0.585,0.257,2021-22,60.0,22.8,10.4,2.8,1.5,0.501,0.213
1630545,Terrence Shannon Jr,2024,College/University,2024,,,,,,,,2024-25,32.0,10.6,4.3,1.5,1.0,0.56,0.166
1630547,James Bouknight,2021,College/University,2021,15.0,31.7,18.7,5.7,1.8,0.552,0.309,2022-23,34.0,15.2,5.6,2.1,1.2,0.463,0.192
1630549,Day'Ron Sharpe,2021,College/University,2021,29.0,19.2,9.5,7.6,1.4,0.528,0.262,2021-22,32.0,12.2,6.2,5.0,0.5,0.593,0.205
1630550,JT Thor,2021,College/University,2021,27.0,23.3,9.4,5.0,0.9,0.554,0.202,2022-23,69.0,14.0,3.8,2.2,0.5,0.506,0.13
1630552,Jalen Johnson,2021,College/University,2021,15.0,29.8,16.5,7.5,0.8,0.583,0.277,2022-23,70.0,14.9,5.6,4.0,1.2,0.554,0.156
1630552,Jalen Johnson,2021,College/University,2021,13.0,21.4,11.2,6.1,2.2,0.581,0.279,2022-23,70.0,14.9,5.6,4.0,1.2,0.554,0.156
1630552,Jalen Johnson,2021,College/University,2021,24.0,16.4,5.2,1.7,0.4,0.545,0.166,2022-23,70.0,14.9,5.6,4.0,1.2,0.554,0.156
1630552,Jalen Johnson,2021,College/University,2021,21.0,16.3,5.0,2.4,0.6,0.518,0.173,2022-23,70.0,14.9,5.6,4.0,1.2,0.554,0.156
1630552,Jalen Johnson,2021,College/University,2021,1.0,22.0,3.0,1.0,2.0,0.5,0.065,2022-23,70.0,14.9,5.6,4.0,1.2,0.554,0.156
1630553,Keon Johnson,2021,College/University,2021,27.0,25.5,11.3,3.5,2.5,0.525,0.267,2021-22,37.0,18.8,7.2,2.2,2.1,0.453,0.207
1630556,Kessler Edwards,2021,College/University,2021,27.0,33.9,17.2,6.8,1.2,0.612,0.236,2021-22,48.0,20.6,5.9,3.6,0.6,0.516,0.132
1630557,Corey Kispert,2021,College/University,2021,32.0,31.8,18.6,5.0,1.8,0.679,0.228,2021-22,77.0,23.4,8.2,2.7,1.1,0.586,0.142
1630558,Davion Mitchell,2021,College/University,2021,30.0,33.0,14.0,2.7,5.5,0.623,0.204,2021-22,75.0,27.7,11.5,2.2,4.2,0.489,0.202
1630560,Cam Thomas,2021,College/University,2021,29.0,34.0,23.0,3.4,1.4,0.56,0.315,2021-22,67.0,17.6,8.5,2.4,1.2,0.519,0.212
1630563,Joshua Primo,2021,College/University,2021,30.0,22.4,8.1,3.4,0.8,0.569,0.176,2021-22,50.0,19.3,5.8,2.3,1.6,0.487,0.152
1630567,Scottie Barnes,2021,College/University,2021,24.0,23.8,10.3,4.0,4.1,0.553,0.247,2021-22,74.0,35.4,15.3,7.5,3.5,0.552,0.187
1630568,Luka Garza,2021,College/University,2021,31.0,31.5,24.1,8.7,1.7,0.627,0.324,2021-22,32.0,12.2,5.8,3.1,0.6,0.535,0.195
1630572,Sandro Mamukelashvili,2021,College/University,2021,27.0,35.5,17.5,7.6,3.2,0.531,0.289,2022-23,43.0,15.3,6.1,4.3,1.4,0.516,0.177
1630579,Jericho Sims,2021,College/University,2021,26.0,24.5,9.2,7.2,0.7,0.67,0.175,2021-22,41.0,13.5,2.2,4.1,0.5,0.674,0.068
1630583,Santi Aldama,2021,College/University,2021,17.0,35.0,21.2,10.1,2.3,0.6,0.305,2021-22,32.0,11.2,4.1,2.7,0.7,0.452,0.174
1630586,Usman Garuba,2021,College/University,2021,,,,,,,,2021-22,24.0,10.0,2.0,3.5,0.7,0.51,0.091
1630587,Isaiah Livers,2021,College/University,2021,23.0,31.6,13.1,6.0,2.0,0.61,0.198,2022-23,52.0,23.1,6.7,2.8,0.8,0.567,0.117
1630591,Jalen Suggs,2021,College/University,2021,30.0,28.9,14.4,5.3,4.5,0.602,0.249,2021-22,48.0,27.2,11.8,3.6,4.4,0.455,0.244
1630592,Jalen Wilson,2023,College/University,2023,36.0,35.4,20.1,8.2,2.2,0.546,0.297,2023-24,43.0,15.5,5.0,3.0,1.0,0.537,0.138
1630595,Cade Cunningham,2021,College/University,2021,27.0,35.4,20.1,6.2,3.5,0.58,0.292,2021-22,64.0,32.6,17.4,5.5,5.6,0.504,0.273
1630595,Cade Cunningham,2021,College/University,2021,1.0,38.0,20.0,5.0,2.0,0.678,0.295,2021-22,64.0,32.6,17.4,5.5,5.6,0.504,0.273
1630596,Evan Mobley,2021,College/University,2021,33.0,33.9,16.4,8.7,2.4,0.634,0.228,2021-22,69.0,33.8,15.0,8.3,2.5,0.549,0.201
1630598,Aaron Wiggins,2021,College/University,2021,31.0,33.0,14.5,5.8,2.5,0.553,0.255,2021-22,50.0,24.2,8.3,3.6,1.4,0.556,0.149
1630625,Dalano Banton,2021,College/University,2021,27.0,27.3,9.6,5.9,3.9,0.501,0.217,2021-22,64.0,10.9,3.2,1.9,1.5,0.463,0.159
1631093,Jaden Ivey,2022,College/University,2022,36.0,31.4,17.3,4.9,3.1,0.586,0.286,2022-23,74.0,31.1,16.3,3.9,5.2,0.528,0.251
1631094,Paolo Banchero,2022,College/University,2022,39.0,33.0,17.2,7.8,3.2,0.563,0.274,2022-23,72.0,33.7,20.0,6.9,3.7,0.529,0.272
1631095,Jabari Smith Jr.,2022,College/University,2022,34.0,28.8,16.9,7.4,2.0,0.577,0.276,2022-23,79.0,31.0,12.8,7.2,1.3,0.514,0.183
1631096,Chet Holmgren,2022,College/University,2022,32.0,26.9,14.1,9.9,1.9,0.698,0.216,2023-24,82.0,29.4,16.5,7.9,2.4,0.632,0.21
1631097,Bennedict Mathurin,2022,College/University,2022,37.0,32.5,17.7,5.6,2.5,0.582,0.25,2022-23,78.0,28.5,16.7,4.1,1.5,0.566,0.235
1631098,Johnny Davis,2022,College/University,2022,31.0,34.2,19.7,8.2,2.1,0.529,0.324,2022-23,28.0,15.1,5.8,2.3,1.0,0.446,0.192
1631099,Keegan Murray,2022,College/University,2022,35.0,31.9,23.5,8.7,1.5,0.645,0.297,2022-23,80.0,29.8,12.2,4.6,1.2,0.597,0.156
1631100,AJ Griffin,2022,College/University,2022,39.0,24.0,10.4,3.9,1.0,0.634,0.189,2022-23,72.0,19.5,8.9,2.1,1.0,0.577,0.174
1631101,Shaedon Sharpe,2022,College/University,2022,,,,,,,,2022-23,80.0,22.2,9.9,3.0,1.2,0.568,0.186
1631102,TyTy Washington Jr.,2022,College/University,2022,31.0,29.2,12.5,3.5,3.9,0.531,0.225,2022-23,31.0,14.0,4.7,1.5,1.5,0.432,0.17
1631103,Malaki Branham,2022,College/University,2022,32.0,29.6,13.7,3.6,2.0,0.602,0.241,2022-23,66.0,23.5,10.2,2.7,1.9,0.524,0.188
1631104,Blake Wesley,2022,College/University,2022,35.0,29.3,14.4,3.7,2.4,0.5,0.313,2022-23,37.0,18.1,5.0,2.2,2.6,0.393,0.18
1631105,Jalen Duren,2022,College/University,2022,29.0,25.3,12.0,8.1,1.3,0.616,0.228,2022-23,67.0,24.9,9.1,8.9,1.1,0.655,0.139
1631106,Tari Eason,2022,College/University,2022,33.0,24.4,16.9,6.6,1.0,0.624,0.318,2022-23,82.0,21.6,9.3,6.0,1.1,0.525,0.184
1631108,Max Christie,2022,College/University,2022,35.0,30.8,9.3,3.5,1.5,0.498,0.18,2022-23,41.0,12.5,3.1,1.8,0.5,0.566,0.1
1631109,Mark Williams,2022,College/University,2022,39.0,23.6,11.2,7.4,0.9,0.733,0.186,2022-23,43.0,19.3,9.0,7.1,0.4,0.659,0.168
1631110,Jeremy Sochan,2022,College/University,2022,30.0,25.1,9.2,6.4,1.8,0.553,0.194,2022-23,56.0,26.0,11.0,5.3,2.5,0.509,0.195
1631114,Jalen Williams,2022,College/University,2022,33.0,34.8,18.0,4.4,4.2,0.607,0.249,2022-23,75.0,30.3,14.1,4.5,3.3,0.601,0.18
1631114,Jalen Williams,2022,College/University,2022,1.0,20.0,3.0,1.0,1.0,0.3,0.132,2022-23,75.0,30.3,14.1,4.5,3.3,0.601,0.18
1631116,Patrick Baldwin Jr.,2022,College/University,2022,11.0,28.5,12.1,5.8,1.5,0.454,0.283,2023-24,38.0,13.0,4.4,3.2,0.8,0.502,0.153
1631117,Walker Kessler,2022,College/University,2022,34.0,25.6,11.4,8.1,0.9,0.633,0.19,2022-23,74.0,23.0,9.2,8.4,0.9,0.702,0.13
1631119,Jaylin Williams,2022,College/University,2022,37.0,31.6,10.9,9.8,2.6,0.545,0.182,2022-23,49.0,18.7,5.9,4.9,1.6,0.559,0.133
1631119,Jaylin Williams,2022,College/University,2022,33.0,13.9,5.6,2.7,0.8,0.562,0.205,2022-23,49.0,18.7,5.9,4.9,1.6,0.559,0.133
1631121,Bryce McGowens,2022,College/University,2022,31.0,33.3,16.8,5.2,1.4,0.541,0.271,2022-23,46.0,17.1,5.3,2.0,1.2,0.519,0.147
1631124,Julian Strawther,2023,College/University,2023,37.0,31.2,15.2,6.2,1.3,0.608,0.222,2023-24,50.0,10.9,4.5,1.2,0.9,0.482,0.193
1631128,Christian Braun,2022,College/University,2022,40.0,34.4,14.1,6.5,2.8,0.591,0.204,2022-23,76.0,15.5,4.7,2.4,0.8,0.568,0.127
1631132,Christian Koloko,2022,College/University,2022,37.0,25.4,12.6,7.3,1.4,0.67,0.207,2022-23,58.0,13.8,3.1,2.9,0.5,0.517,0.1
1631133,Jabari Walker,2022,College/University,2022,33.0,28.1,14.6,9.4,1.2,0.577,0.275,2022-23,56.0,11.1,3.9,2.3,0.6,0.496,0.164
1631170,Jaime Jaquez Jr.,2023,College/University,2023,37.0,33.2,17.8,8.2,2.4,0.547,0.279,2023-24,75.0,28.2,11.9,3.8,2.6,0.574,0.181
1631200,Kris Murray,2023,College/University,2023,29.0,34.8,20.2,7.9,2.0,0.577,0.272,2023-24,62.0,21.7,6.1,3.6,1.3,0.481,0.136
1631204,Marcus Sasser,2023,College/University,2023,36.0,30.8,16.8,2.8,3.1,0.603,0.262,2023-24,71.0,19.0,8.3,1.8,3.3,0.542,0.195
1631207,Dalen Terry,2022,College/University,2022,37.0,27.8,8.0,4.8,3.9,0.589,0.141,2023-24,59.0,11.5,3.1,1.9,1.4,0.512,0.127
1631209,Isaiah Wong,2023,College/University,2023,37.0,33.4,16.2,4.3,3.2,0.586,0.242,2024-25,20.0,13.3,6.0,1.6,1.4,0.5,0.22
1631212,Peyton Watson,2022,College/University,2022,32.0,12.7,3.3,2.9,0.8,0.397,0.207,2023-24,80.0,18.6,6.6,3.2,1.1,0.539,0.16
1631216,Caleb Houstan,2022,College/University,2022,34.0,32.0,10.1,4.0,1.4,0.535,0.179,2022-23,51.0,15.9,3.8,1.9,0.6,0.508,0.107
1631218,Trayce Jackson-Davis,2023,College/University,2023,32.0,34.6,20.9,10.8,4.0,0.616,0.293,2023-24,68.0,16.6,7.9,5.0,1.2,0.692,0.157
1631222,Jake LaRavia,2022,College/University,2022,33.0,34.2,14.6,6.6,3.7,0.658,0.204,2022-23,35.0,11.8,3.0,1.8,0.6,0.531,0.117
1631223,David Roddy,2022,College/University,2022,31.0,32.9,19.2,7.5,2.9,0.653,0.288,2022-23,70.0,18.0,6.7,2.8,0.8,0.519,0.163
1631243,Mouhamed Gueye,2023,College/University,2023,33.0,32.2,14.3,8.4,1.9,0.537,0.259,2024-25,33.0,16.1,6.0,4.2,0.8,0.52,0.155
1631246,Vince Williams Jr.,2022,College/University,2022,30.0,32.5,14.1,6.0,3.0,0.636,0.226,2023-24,52.0,27.6,10.0,5.6,3.4,0.597,0.155
1631248,Baylor Scheierman,2024,College/University,2024,35.0,36.8,18.5,9.0,3.9,0.6,0.254,2024-25,31.0,12.4,3.6,2.1,1.1,0.49,0.143
1641706,Brandon Miller,2023,College/University,2023,37.0,32.7,18.8,8.2,2.1,0.589,0.262,2023-24,74.0,32.2,17.3,4.3,2.4,0.552,0.235
1641707,Taylor Hendricks,2023,College/University,2023,34.0,34.7,15.1,7.0,1.4,0.594,0.212,2023-24,40.0,21.4,7.3,4.6,0.8,0.578,0.135
1641710,Anthony Black,2023,College/University,2023,36.0,34.8,12.8,5.1,3.9,0.557,0.209,2023-24,69.0,16.9,4.6,2.0,1.3,0.56,0.123
1641711,Gradey Dick,2023,College/University,2023,36.0,32.7,14.1,5.1,1.7,0.585,0.205,2023-24,60.0,21.1,8.5,2.2,1.1,0.546,0.167
1641713,GG Jackson,2023,College/University,2023,32.0,32.0,15.4,5.9,0.8,0.478,0.308,2023-24,48.0,25.7,14.6,4.1,1.2,0.554,0.238
1641715,Cam Whitmore,2023,College/University,2023,26.0,27.3,12.5,5.3,0.7,0.576,0.256,2023-24,47.0,18.7,12.3,3.8,0.7,0.561,0.255
1641716,Jarace Walker,2023,College/University,2023,36.0,27.6,11.2,6.8,1.8,0.538,0.223,2023-24,33.0,10.3,3.6,1.9,1.2,0.527,0.155
1641717,Cason Wallace,2023,College/University,2023,32.0,32.1,11.7,3.7,4.2,0.547,0.2,2023-24,82.0,20.6,6.8,2.3,1.5,0.612,0.127
1641718,Keyonte George,2023,College/University,2023,33.0,28.6,15.3,4.2,2.8,0.529,0.308,2023-24,75.0,27.0,13.0,2.8,4.4,0.533,0.224
1641721,Maxwell Lewis,2023,College/University,2023,31.0,31.4,17.1,5.7,2.8,0.573,0.282,2024-25,28.0,11.7,4.1,2.0,0.7,0.516,0.164
1641722,Jordan Hawkins,2023,College/University,2023,37.0,29.4,16.2,3.8,1.3,0.59,0.255,2023-24,67.0,17.3,7.8,2.2,1.0,0.533,0.188
1641724,Jett Howard,2023,College/University,2023,29.0,31.7,14.2,2.8,2.0,0.566,0.23,2024-25,60.0,11.7,4.4,1.2,0.7,0.491,0.181
1641726,Dereck Lively II,2023,College/University,2023,34.0,20.6,5.2,5.4,1.1,0.668,0.116,2023-24,55.0,23.5,8.8,6.9,1.1,0.728,0.124
1641727,Dariq Whitehead,2023,College/University,2023,28.0,20.7,8.2,2.4,1.0,0.551,0.227,2024-25,20.0,12.3,5.7,1.4,0.6,0.58,0.189
1641729,Brice Sensabaugh,2023,College/University,2023,33.0,24.5,16.3,5.4,1.2,0.593,0.338,2023-24,32.0,18.3,7.5,3.2,1.7,0.511,0.201
1641730,Noah Clowney,2023,College/University,2023,36.0,25.4,9.8,7.9,0.8,0.583,0.18,2023-24,23.0,16.1,5.8,3.5,0.8,0.626,0.137
1641732,Colby Jones,2023,College/University,2023,36.0,34.0,15.0,5.7,4.4,0.585,0.219,2024-25,39.0,13.2,4.0,2.2,1.1,0.544,0.138
1641733,Nick Smith Jr.,2023,College/University,2023,17.0,25.8,12.5,1.6,1.7,0.475,0.289,2023-24,51.0,14.3,5.9,1.4,1.2,0.511,0.202
1641737,Adem Bona,2024,College/University,2024,33.0,26.5,12.4,5.9,1.2,0.629,0.249,2024-25,58.0,15.6,5.8,4.2,0.5,0.714,0.135
1641739,Toumani Camara,2023,College/University,2023,34.0,30.0,13.9,8.6,1.7,0.616,0.247,2023-24,70.0,24.8,7.5,4.9,1.2,0.547,0.134
1641740,Jaylen Clark,2023,College/University,2023,30.0,30.5,13.0,6.0,1.9,0.555,0.214,2024-25,40.0,13.0,4.1,1.3,0.6,0.598,0.115
1641744,Zach Edey,2024,College/University,2024,39.0,32.0,25.2,12.2,2.0,0.673,0.331,2024-25,66.0,21.5,9.2,8.3,1.0,0.624,0.156
1641748,Andre Jackson Jr.,2023,College/University,2023,36.0,29.1,6.7,6.2,4.7,0.513,0.145,2023-24,57.0,10.0,2.2,2.0,0.9,0.596,0.097
1641757,Jordan Miller,2023,College/University,2023,37.0,34.9,15.3,6.2,2.7,0.622,0.199,2024-25,37.0,11.4,4.1,1.6,0.9,0.509,0.175
1641763,Julian Phillips,2023,College/University,2023,32.0,24.1,8.3,4.7,1.4,0.545,0.189,2024-25,79.0,14.2,4.6,2.1,0.5,0.571,0.126
1641764,Brandin Podziemski,2023,College/University,2023,32.0,36.0,19.9,8.8,3.7,0.608,0.256,2023-24,74.0,26.6,9.2,5.8,3.7,0.54,0.149
1641765,Olivier-Maxence Prosper,2023,College/University,2023,36.0,29.0,12.5,4.7,0.7,0.626,0.203,2024-25,52.0,11.2,3.9,2.4,0.8,0.484,0.158
1641767,Ben Sheppard,2023,College/University,2023,32.0,34.2,18.8,5.2,2.9,0.587,0.278,2023-24,57.0,14.3,4.4,1.6,0.9,0.524,0.125
1641783,Tristan da Silva,2024,College/University,2024,34.0,34.0,16.0,5.1,2.4,0.611,0.225,2024-25,74.0,22.0,7.2,3.3,1.5,0.522,0.149
1641794,Dillon Jones,2024,College/University,2024,31.0,37.0,20.8,9.8,5.2,0.605,0.297,2024-25,54.0,10.2,2.5,2.2,1.1,0.464,0.131
1641794,Dillon Jones,2024,College/University,2024,1.0,18.0,7.0,2.0,0.0,0.5,0.183,2024-25,54.0,10.2,2.5,2.2,1.1,0.464,0.131
1641796,Pelle Larsson,2024,College/University,2024,36.0,30.0,12.8,4.1,3.7,0.629,0.188,2024-25,55.0,14.2,4.6,1.7,1.2,0.546,0.141
1641810,Antonio Reeves,2024,College/University,2024,33.0,31.5,20.2,4.2,1.6,0.646,0.258,2024-25,44.0,15.0,6.9,1.4,0.9,0.579,0.183
1642261,Dalton Knecht,2024,College/University,2024,36.0,30.6,21.7,4.9,1.8,0.584,0.326,2024-25,78.0,19.2,9.1,2.8,0.8,0.594,0.181
1642262,Cody Williams,2024,College/University,2024,24.0,28.1,11.9,3.0,1.6,0.628,0.213,2024-25,50.0,21.2,4.6,2.3,1.2,0.419,0.122
1642263,Reed Sheppard,2024,College/University,2024,33.0,28.9,12.5,4.1,4.5,0.705,0.18,2024-25,52.0,12.6,4.4,1.5,1.4,0.465,0.171
1642264,Stephon Castle,2024,College/University,2024,34.0,26.9,11.1,4.7,2.9,0.557,0.221,2024-25,81.0,26.7,14.7,3.7,4.1,0.522,0.253
1642265,Rob Dillingham,2024,College/University,2024,32.0,23.2,15.2,2.9,3.9,0.6,0.303,2024-25,49.0,10.5,4.5,1.0,2.0,0.503,0.215
1642266,Ja'Kobe Walter,2024,College/University,2024,35.0,32.3,14.5,4.4,1.4,0.548,0.233,2024-25,52.0,21.2,8.6,3.1,1.6,0.523,0.179
1642267,Bub Carrington,2024,College/University,2024,33.0,33.2,13.8,5.2,4.1,0.534,0.23,2024-25,82.0,30.0,9.8,4.2,4.4,0.514,0.154
1642268,Isaiah Collier,2024,College/University,2024,27.0,29.8,16.3,2.9,4.3,0.575,0.298,2024-25,71.0,25.9,8.7,3.3,6.3,0.494,0.186
1642269,Devin Carter,2024,College/University,2024,33.0,35.3,19.7,8.7,3.6,0.604,0.28,2024-25,36.0,11.0,3.8,2.1,1.1,0.471,0.169
1642270,Donovan Clingan,2024,College/University,2024,35.0,22.6,13.0,7.4,1.5,0.646,0.248,2024-25,67.0,19.8,6.5,7.9,1.1,0.574,0.135
1642271,Kyle Filipowski,2024,College/University,2024,36.0,30.4,16.4,8.3,2.8,0.58,0.277,2024-25,72.0,21.1,9.6,6.1,1.9,0.594,0.184
1642272,Jared McCain,2024,College/University,2024,36.0,31.6,14.3,5.0,1.9,0.616,0.212,2024-25,23.0,25.7,15.3,2.4,2.6,0.589,0.243
1642273,Kyshawn George,2024,College/University,2024,31.0,23.0,7.6,3.0,2.2,0.585,0.176,2024-25,68.0,26.5,8.7,4.2,2.5,0.503,0.156
1642274,Yves Missi,2024,College/University,2024,34.0,23.0,10.7,5.6,0.4,0.632,0.216,2024-25,73.0,26.8,9.1,8.2,1.4,0.572,0.141
1642276,Kel'el Ware,2024,College/University,2024,30.0,32.1,15.9,9.9,1.5,0.629,0.229,2024-25,64.0,22.2,9.3,7.4,0.9,0.603,0.169
1642277,Johnny Furphy,2024,College/University,2024,33.0,24.1,9.0,4.9,1.0,0.617,0.175,2025-26,35.0,18.4,5.1,4.4,1.2,0.547,0.125
1642278,Tyler Kolek,2024,College/University,2024,31.0,33.0,15.3,4.9,7.7,0.605,0.24,2025-26,62.0,11.7,4.4,1.6,2.7,0.533,0.173
1642281,Jaylon Tyson,2024,College/University,2024,31.0,34.4,19.6,6.8,3.5,0.563,0.299,2025-26,66.0,26.9,13.2,5.1,2.2,0.608,0.189
1642285,Cam Spencer,2024,College/University,2024,40.0,32.8,14.3,4.8,3.6,0.644,0.192,2024-25,25.0,10.1,4.2,1.2,1.4,0.587,0.148
1642345,Oso Ighodaro,2024,College/University,2024,36.0,32.5,13.4,6.9,2.9,0.597,0.206,2024-25,61.0,17.1,4.2,3.6,1.2,0.61,0.103
1642346,Ryan Dunn,2024,College/University,2024,34.0,27.5,8.1,6.9,0.8,0.571,0.168,2024-25,74.0,19.1,6.9,3.6,0.8,0.517,0.161
1642347,Jamal Shead,2024,College/University,2024,37.0,31.1,12.9,3.7,6.3,0.499,0.251,2024-25,75.0,19.6,7.1,1.5,4.2,0.499,0.179
1642349,Ajay Mitchell,2024,College/University,2024,29.0,31.5,20.0,4.0,4.0,0.62,0.312,2024-25,36.0,16.6,6.5,1.9,1.8,0.587,0.159
1642354,KJ Simpson,2024,College/University,2024,37.0,35.1,19.7,5.8,4.9,0.613,0.267,2024-25,36.0,23.4,7.8,3.0,3.1,0.437,0.188
1642366,Quinten Post,2024,College/University,2024,35.0,31.9,17.0,8.1,2.9,0.612,0.268,2024-25,42.0,16.3,8.1,3.5,1.3,0.595,0.197
1642367,Jonathan Mogbo,2024,College/University,2024,34.0,28.9,14.2,10.1,3.6,0.654,0.226,2024-25,63.0,20.4,6.2,4.9,2.3,0.496,0.145
1642377,Jaylen Wells,2024,College/University,2024,34.0,29.2,12.6,4.6,1.2,0.59,0.201,2024-25,79.0,25.9,10.4,3.4,1.7,0.56,0.156
