PLAYER_ID,PLAYER_NAME,ROOKIE_SOURCE,SEASON,GP,TOTAL_MINS,PTS,REB,AST,MPG,PPG,TS_PCT,USG_PCT,BASIC_STATS_SOURCE,ADV_STATS_SOURCE,SAMPLE_NOTE
1643407,AJ Dybantsa,NCAA,2025-26,35,1218.7,894,239,130,34.82,25.5429,0.6,0.34,RealGM NCAA season totals,RealGM NCAA advanced stats,
1643758,AK Okereke,NCAA,2025-26,36,942.9,347,131,72,26.1917,9.6389,0.608,0.172,RealGM NCAA season totals,RealGM NCAA advanced stats,
1643530,Aday Mara,NCAA,2025-26,40,940.0,484,270,97,23.5,12.1,0.659,0.231,RealGM per-game + NCAA bulk cross-check,RealGM NCAA advanced stats,
1642284,Alex Karaban,NCAA,2025-26,40,1370.0,527,211,94,34.25,13.175,0.59,0.185,RealGM NCAA season totals,RealGM NCAA advanced stats,
1643512,Allen Graves,NCAA,2025-26,35,793.0,412,228,63,22.6571,11.7714,0.613,0.22,RealGM NCAA season totals,RealGM NCAA advanced stats,
1642394,Baba Miller,NCAA,2025-26,31,986.5,404,320,115,31.8226,13.0323,0.576,0.213,RealGM NCAA season totals,RealGM NCAA advanced stats,
1642892,Bennett Stirtz,NCAA,2025-26,37,1397.0,734,98,163,37.7568,19.8378,0.607,0.272,RealGM NCAA season totals,RealGM NCAA advanced stats,
1643552,Braden Smith,NCAA,2025-26,39,1345.0,557,138,345,34.4872,14.2821,0.551,0.241,RealGM NCAA season totals,RealGM NCAA advanced stats,
1643415,Brayden Burries,NCAA,2025-26,39,1163.0,626,191,95,29.8205,16.0513,0.616,0.232,RealGM NCAA season totals,RealGM NCAA advanced stats,
1643570,Bruce Thornton,NCAA,2025-26,34,1243.0,677,172,131,36.5588,19.9118,0.665,0.237,RealGM NCAA season totals,RealGM NCAA advanced stats,
1643624,Bryce Hopkins,NCAA,2025-26,37,1065.0,504,230,72,28.7838,13.6216,0.558,0.225,RealGM NCAA season totals,RealGM NCAA advanced stats,
1643410,Caleb Wilson,NCAA,2025-26,24,751.0,476,226,64,31.2917,19.8333,0.626,0.282,RealGM NCAA season totals,RealGM NCAA advanced stats,
1643409,Cameron Boozer,NCAA,2025-26,38,1272.0,855,389,157,33.4737,22.5,0.653,0.3,RealGM NCAA season totals,RealGM NCAA advanced stats,
1643418,Cameron Carr,NCAA,2025-26,34,1144.0,642,197,90,33.6471,18.8824,0.622,0.254,RealGM NCAA season totals,RealGM NCAA advanced stats,
1643416,Chris Cenac Jr.,NCAA,2025-26,37,918.0,352,291,27,24.8108,9.5135,0.546,0.201,RealGM NCAA season totals,RealGM NCAA advanced stats,
1643515,Christian Anderson,NCAA,2025-26,33,1268.0,611,118,244,38.4242,18.5152,0.626,0.239,RealGM NCAA season totals,RealGM NCAA advanced stats,
1643517,Dailyn Swain,NCAA,2025-26,36,1181.0,623,271,129,32.8056,17.3056,0.636,0.247,RealGM NCAA season totals,RealGM NCAA advanced stats,
1643411,Darius Acuff Jr.,NCAA,2025-26,36,1268.0,845,111,232,35.2222,23.4722,0.604,0.294,RealGM NCAA season totals,RealGM NCAA advanced stats,
1643408,Darryn Peterson,NCAA,2025-26,24,698.4,484,101,38,29.1,20.1667,0.578,0.337,RealGM per-game + NCAA bulk cross-check,RealGM NCAA advanced stats,
1641759,Dillon Mitchell,NCAA,2025-26,37,1043.0,308,259,111,28.1892,8.3243,0.555,0.146,RealGM NCAA season totals,RealGM NCAA advanced stats,
1643575,Duke Miles,NCAA,2025-26,28,826.3,452,85,126,29.5107,16.1429,0.595,0.258,RealGM NCAA season totals,RealGM NCAA advanced stats,
1643536,Ebuka Okorie,NCAA,2025-26,31,1086.8,719,113,111,35.0581,23.1935,0.589,0.312,RealGM NCAA season totals,RealGM NCAA advanced stats,
1643567,Emanuel Sharp,NCAA,2025-26,37,1085.0,572,110,64,29.3243,15.4595,0.582,0.252,RealGM NCAA season totals,RealGM NCAA advanced stats,
1643640,"Ernest Udeh, Jr.",NCAA,2025-26,33,924.0,220,305,18,28.0,6.6667,0.68,0.097,RealGM NCAA season totals,RealGM NCAA advanced stats,
1643590,Felix Okpara,NCAA,2025-26,35,939.0,279,222,17,26.8286,7.9714,0.617,0.135,RealGM NCAA season totals,RealGM NCAA advanced stats,
1643419,Hannes Steinbach,NCAA,2025-26,30,1038.0,556,353,47,34.6,18.5333,0.636,0.242,RealGM NCAA season totals,RealGM NCAA advanced stats,
1643539,Henri Veesaar,NCAA,2025-26,31,971.0,528,270,64,31.3226,17.0323,0.664,0.233,RealGM NCAA season totals,RealGM NCAA advanced stats,
1642912,Isaiah Evans,NCAA,2025-26,38,1074.0,571,122,48,28.2632,15.0263,0.59,0.249,RealGM NCAA season totals,RealGM NCAA advanced stats,
1643593,Izaiyah Nelson,NCAA,2025-26,34,925.0,540,326,41,27.2059,15.8824,0.612,0.239,RealGM NCAA season totals,RealGM NCAA advanced stats,
1643727,J'Vonne Hadley,NCAA,2025-26,34,955.0,391,173,60,28.0882,11.5,0.648,0.17,RealGM NCAA season totals,RealGM NCAA advanced stats,
1643551,Ja'Kobi Gillespie,NCAA,2025-26,37,1285.0,681,105,201,34.7297,18.4054,0.538,0.27,RealGM NCAA season totals,RealGM NCAA advanced stats,
1643558,Jaden Bradley,NCAA,2025-26,39,1192.0,518,133,170,30.5641,13.2821,0.568,0.21,RealGM NCAA season totals,RealGM NCAA advanced stats,
1643555,Jaron Pierre Jr.,NCAA,2025-26,34,1123.0,599,167,71,33.0294,17.6176,0.567,0.257,RealGM NCAA season totals,RealGM NCAA advanced stats,
1643519,Jayden Quaintance,NCAA,2025-26,4,67.0,20,20,2,16.75,5.0,0.496,0.1935,RealGM player season totals,RealGM NCAA advanced stats,2025-26 sample is only 4 games.
1643637,Jaylin Sellers,NCAA,2025-26,33,990.0,605,137,54,30.0,18.3333,0.615,0.27,RealGM NCAA season totals,RealGM NCAA advanced stats,
1643717,Josh Dix,NCAA,2025-26,34,1117.0,449,127,79,32.8529,13.2059,0.558,0.205,RealGM NCAA season totals,RealGM NCAA advanced stats,
1643538,Joshua Jefferson,NCAA,2025-26,35,1080.0,575,260,167,30.8571,16.4286,0.56,0.277,RealGM NCAA season totals,RealGM NCAA advanced stats,
1643413,Keaton Wagler,NCAA,2025-26,37,1254.0,663,188,157,33.8919,17.9189,0.596,0.253,RealGM NCAA season totals,RealGM NCAA advanced stats,
1643412,Kingston Flemings,NCAA,2025-26,37,1172.0,594,150,192,31.6757,16.0541,0.563,0.262,RealGM NCAA season totals,RealGM NCAA advanced stats,
1643520,Koa Peat,NCAA,2025-26,36,1000.0,508,203,93,27.7778,14.1111,0.557,0.244,RealGM NCAA season totals,RealGM NCAA advanced stats,
1643573,Kylan Boswell,NCAA,2025-26,30,899.0,368,120,90,29.9667,12.2667,0.559,0.204,RealGM NCAA season totals,RealGM NCAA advanced stats,
1642889,Labaron Philon,NCAA,2025-26,33,1019.0,725,117,165,30.8788,21.9697,0.626,0.302,RealGM NCAA season totals,RealGM NCAA advanced stats,
1643650,Lajae Jones,NCAA,2025-26,33,973.0,419,189,37,29.4848,12.697,0.556,0.204,RealGM NCAA season totals,RealGM NCAA advanced stats,
1643738,Malik Dia,NCAA,2025-26,35,849.0,508,200,29,24.2571,14.5143,0.516,0.331,RealGM NCAA season totals,RealGM NCAA advanced stats,
1643576,Maliq Brown,NCAA,2025-26,38,770.0,188,197,62,20.2632,4.9474,0.634,0.127,RealGM NCAA season totals,RealGM NCAA advanced stats,
1643509,Meleek Thomas,NCAA,2025-26,37,1129.0,579,142,92,30.5135,15.6486,0.559,0.236,RealGM NCAA season totals,RealGM NCAA advanced stats,
1642369,Michael Ajayi,NCAA,2025-26,32,1074.0,526,356,103,33.5625,16.4375,0.516,0.272,RealGM NCAA season totals,RealGM NCAA advanced stats,
1643414,Mikel Brown Jr.,NCAA,2025-26,21,610.0,382,70,99,29.0476,18.1905,0.577,0.308,RealGM NCAA season totals,RealGM NCAA advanced stats,
1642870,Milos Uzan,NCAA,2025-26,37,1220.0,411,99,148,32.973,11.1081,0.493,0.197,RealGM NCAA season totals,RealGM NCAA advanced stats,
1643516,Morez Johnson,NCAA,2025-26,40,1003.0,524,293,48,25.075,13.1,0.677,0.213,RealGM NCAA season totals,RealGM NCAA advanced stats,
1643417,Nate Ament,NCAA,2025-26,35,1039.0,584,222,82,29.6857,16.6857,0.534,0.291,RealGM NCAA season totals,RealGM NCAA advanced stats,
1642927,Nate Bittle,NCAA,2025-26,25,777.0,419,172,64,31.08,16.76,0.563,0.281,RealGM NCAA season totals,RealGM NCAA advanced stats,
1643568,Nick Martinelli,NCAA,2025-26,33,1172.0,759,204,66,35.5152,23.0,0.602,0.313,RealGM NCAA season totals,RealGM NCAA advanced stats,
1642923,Otega Oweh,NCAA,2025-26,36,1179.0,671,173,96,32.75,18.6389,0.554,0.285,RealGM NCAA season totals,RealGM NCAA advanced stats,
1643595,Quadir Copeland,NCAA,2025-26,34,979.4,474,123,222,28.8059,13.9412,0.592,0.257,RealGM NCAA season totals,RealGM NCAA advanced stats,
1643572,Rafael Castro,NCAA,2025-26,29,789.0,443,263,49,27.2069,15.2759,0.645,0.243,RealGM NCAA season totals,RealGM NCAA advanced stats,
1643563,Richie Saunders,NCAA,2025-26,25,785.7,451,144,52,31.428,18.04,0.632,0.243,RealGM NCAA season totals,RealGM NCAA advanced stats,
1643553,Ryan Conwell,NCAA,2025-26,34,1049.0,638,162,91,30.8529,18.7647,0.566,0.295,RealGM NCAA season totals,RealGM NCAA advanced stats,
1643542,Tarris Reed Jr.,NCAA,2025-26,35,956.0,515,314,80,27.3143,14.7143,0.614,0.262,RealGM NCAA season totals,RealGM NCAA advanced stats,
1642850,Thomas Sorber,NCAA,2024-25,24,753.0,348,203,58,31.375,14.5,0.58,0.237,RealGM 2024-25 NCAA season totals,RealGM NCAA advanced stats,No 2025-26 NCAA season; latest NCAA season is 2024-25.
1643591,Tobe Awaka,NCAA,2025-26,39,811.0,362,353,31,20.7949,9.2821,0.617,0.196,RealGM NCAA season totals,RealGM NCAA advanced stats,
1643588,Tobi Lawal,NCAA,2025-26,23,668.9,282,195,14,29.0826,12.2609,0.635,0.201,RealGM NCAA season totals,RealGM NCAA advanced stats,
1643621,Tre Donaldson,NCAA,2025-26,35,1184.8,574,127,201,33.8514,16.4,0.553,0.246,RealGM NCAA season totals,RealGM NCAA advanced stats,
1642350,Trevon Brazile,NCAA,2025-26,36,1135.0,469,264,56,31.5278,13.0278,0.619,0.176,RealGM NCAA season totals,RealGM NCAA advanced stats,
1643626,Trey Kaufman-Renn,NCAA,2025-26,37,1040.0,524,308,94,28.1081,14.1622,0.59,0.25,RealGM NCAA season totals,RealGM NCAA advanced stats,
1643620,Tucker DeVries,NCAA,2025-26,32,1097.0,437,168,105,34.2812,13.6562,0.546,0.22,RealGM NCAA season totals,RealGM NCAA advanced stats,
1643548,Tyler Bilodeau,NCAA,2025-26,31,938.0,547,174,33,30.2581,17.6452,0.656,0.259,RealGM NCAA season totals,RealGM NCAA advanced stats,
1643589,Tyler Nickel,NCAA,2025-26,36,1100.5,486,117,43,30.5694,13.5,0.617,0.19,RealGM NCAA season totals,RealGM NCAA advanced stats,
1642391,Ugonna Onyenso,NCAA,2025-26,36,670.3,234,176,21,18.6194,6.5,0.616,0.156,RealGM NCAA season totals,RealGM NCAA advanced stats,
1642865,Yaxel Lendeborg,NCAA,2025-26,40,1207.0,603,271,129,30.175,15.075,0.646,0.205,RealGM NCAA season totals,RealGM NCAA advanced stats,
1643544,Zuby Ejiofor,NCAA,2025-26,37,1110.0,604,271,131,30.0,16.3243,0.609,0.249,RealGM NCAA season totals,RealGM NCAA advanced stats,
