PLAYER_ID,PLAYER_NAME,ROOKIE_SOURCE,GP,RPG,APG,MPG,PPG,TS_PCT,USG_PCT
1643411,Darius Acuff Jr.,NCAA,36.0,3.1,6.4,35.2,23.5,0.604,0.294
1642369,Michael Ajayi,NCAA,32.0,11.1,3.2,33.6,16.4,0.516,0.272
1643417,Nate Ament,NCAA,35.0,6.3,2.3,29.7,16.7,0.534,0.291
1643515,Christian Anderson,NCAA,33.0,3.6,7.4,38.4,18.5,0.626,0.239
1643591,Tobe Awaka,NCAA,39.0,9.1,0.8,20.8,9.3,0.617,0.196
1642926,Tamar Bates,G-LEAGUE,1.0,3.0,0.0,33.1,18.0,0.67,0.16
1641844,Tarik Biberovic,INTERNATIONAL,61.0,3.3,1.7,23.5,11.4,0.617,0.209
1643548,Tyler Bilodeau,NCAA,31.0,5.6,1.1,30.3,17.6,0.656,0.259
1642927,Nate Bittle,NCAA,25.0,6.9,2.6,31.1,16.8,0.563,0.281
1643409,Cameron Boozer,NCAA,38.0,10.2,4.1,33.5,22.5,0.653,0.3
1643573,Kylan Boswell,NCAA,30.0,4.0,3.0,30.0,12.3,0.559,0.204
1643558,Jaden Bradley,NCAA,39.0,3.4,4.4,30.6,13.3,0.568,0.21
1642350,Trevon Brazile,NCAA,36.0,7.3,1.6,31.5,13.0,0.619,0.176
1643576,Maliq Brown,NCAA,38.0,5.2,1.6,20.3,4.9,0.634,0.127
1643414,Mikel Brown Jr.,NCAA,21.0,3.3,4.7,29.0,18.2,0.577,0.308
1643415,Brayden Burries,NCAA,39.0,4.9,2.4,29.8,16.1,0.616,0.232
1643418,Cameron Carr,NCAA,34.0,5.8,2.6,33.6,18.9,0.622,0.254
1643572,Rafael Castro,NCAA,29.0,9.1,1.7,27.2,15.3,0.645,0.243
1643416,Chris Cenac Jr.,NCAA,37.0,7.9,0.7,24.8,9.5,0.546,0.201
1643553,Ryan Conwell,NCAA,34.0,4.8,2.7,30.9,18.8,0.566,0.295
1643595,Quadir Copeland,NCAA,34.0,3.6,6.5,28.8,13.9,0.592,0.257
1643620,Tucker DeVries,NCAA,32.0,5.2,3.3,34.3,13.7,0.546,0.22
1643738,Malik Dia,NCAA,35.0,5.7,0.8,24.3,14.5,0.516,0.331
1643813,Alpha Diallo,INTERNATIONAL,59.0,4.4,1.8,25.8,11.4,0.585,0.217
1643717,Josh Dix,NCAA,34.0,3.7,2.3,32.9,13.2,0.558,0.205
1643621,Tre Donaldson,NCAA,35.0,3.6,5.7,33.9,16.4,0.553,0.246
1643407,AJ Dybantsa,NCAA,35.0,6.8,3.7,34.8,25.5,0.6,0.34
1643544,Zuby Ejiofor,NCAA,37.0,7.3,3.5,30.0,16.3,0.609,0.249
1642912,Isaiah Evans,NCAA,38.0,3.2,1.3,28.3,15.0,0.59,0.249
1643412,Kingston Flemings,NCAA,37.0,4.1,5.2,31.7,16.1,0.563,0.262
1643551,Ja'Kobi Gillespie,NCAA,37.0,2.8,5.4,34.7,18.4,0.538,0.27
1643512,Allen Graves,NCAA,35.0,6.5,1.8,22.7,11.8,0.613,0.22
1643727,J'Vonne Hadley,NCAA,34.0,5.1,1.8,28.1,11.5,0.648,0.17
1643624,Bryce Hopkins,NCAA,37.0,6.2,1.9,28.8,13.6,0.558,0.225
1643585,Vsevolod Ishchenko,INTERNATIONAL,42.0,4.6,2.0,24.3,8.7,0.611,0.197
1643538,Joshua Jefferson,NCAA,35.0,7.4,4.8,30.9,16.4,0.56,0.277
1643516,Morez Johnson,NCAA,40.0,7.3,1.2,25.1,13.1,0.677,0.213
1643650,Lajae Jones,NCAA,33.0,5.7,1.1,29.5,12.7,0.556,0.204
1641751,Arthur Kaluma,G-LEAGUE,35.0,4.9,1.6,26.4,14.6,0.709,0.192
1642284,Alex Karaban,NCAA,40.0,5.3,2.4,34.2,13.2,0.59,0.185
1643626,Trey Kaufman-Renn,NCAA,37.0,8.3,2.5,28.1,14.2,0.59,0.25
1643583,Jack Kayil,INTERNATIONAL,42.0,2.7,3.5,21.1,12.3,0.611,0.197
1643588,Tobi Lawal,NCAA,23.0,8.5,0.6,29.1,12.3,0.635,0.201
1642865,Yaxel Lendeborg,NCAA,40.0,6.8,3.2,30.2,15.1,0.646,0.205
1641831,Malique Lewis,INTERNATIONAL,34.0,5.9,1.5,27.9,9.0,0.638,0.127
1643510,Karim Lopez,INTERNATIONAL,31.0,6.1,2.0,25.8,11.9,0.59,0.196
1643530,Aday Mara,NCAA,40.0,6.8,2.4,23.5,12.1,0.659,0.231
1642881,Bogoljub Marković,INTERNATIONAL,14.0,8.6,2.1,31.3,16.6,0.649,0.218
1643568,Nick Martinelli,NCAA,33.0,6.2,2.0,35.5,23.0,0.602,0.313
1643575,Duke Miles,NCAA,28.0,3.0,4.5,29.5,16.1,0.595,0.258
1642394,Baba Miller,NCAA,31.0,10.3,3.7,31.8,13.0,0.576,0.213
1641759,Dillon Mitchell,NCAA,37.0,7.0,3.0,28.2,8.3,0.555,0.146
1641802,Matthew Murrell,G-LEAGUE,31.0,3.5,1.9,28.4,10.3,0.498,0.167
1643593,Izaiyah Nelson,NCAA,34.0,9.6,1.2,27.2,15.9,0.612,0.239
1642392,Jameer Nelson Jr.,G-LEAGUE,11.0,3.2,3.7,27.9,19.9,0.589,0.296
1643712,Narcisse Ngoy,INTERNATIONAL,42.0,11.7,2.2,24.3,10.7,0.611,0.197
1643589,Tyler Nickel,NCAA,36.0,3.2,1.2,30.6,13.5,0.617,0.19
1643758,AK Okereke,NCAA,36.0,3.6,2.0,26.2,9.6,0.608,0.172
1643536,Ebuka Okorie,NCAA,31.0,3.6,3.6,35.1,23.2,0.589,0.312
1643590,Felix Okpara,NCAA,35.0,6.3,0.5,26.8,8.0,0.617,0.135
1642391,Ugonna Onyenso,NCAA,36.0,4.9,0.6,18.6,6.5,0.616,0.156
1642923,Otega Oweh,NCAA,36.0,4.8,2.7,32.8,18.6,0.554,0.285
1643520,Koa Peat,NCAA,36.0,5.6,2.6,27.8,14.1,0.557,0.244
1643408,Darryn Peterson,NCAA,24.0,4.2,1.6,29.1,20.2,0.578,0.337
1642889,Labaron Philon,NCAA,33.0,3.5,5.0,30.9,22.0,0.626,0.302
1643555,Jaron Pierre Jr.,NCAA,34.0,4.9,2.1,33.0,17.6,0.567,0.257
1643519,Jayden Quaintance,NCAA,4.0,5.0,0.5,16.8,5.0,0.496,0.1935
1643542,Tarris Reed Jr.,NCAA,35.0,9.0,2.3,27.3,14.7,0.614,0.262
1643563,Richie Saunders,NCAA,25.0,5.8,2.1,31.4,18.0,0.632,0.243
1643637,Jaylin Sellers,NCAA,33.0,4.2,1.6,30.0,18.3,0.615,0.27
1643567,Emanuel Sharp,NCAA,37.0,3.0,1.7,29.3,15.5,0.582,0.252
1642481,Jamarion Sharp,G-LEAGUE,25.0,7.3,0.5,24.9,7.1,0.718,0.096
1643552,Braden Smith,NCAA,39.0,3.5,8.8,34.5,14.3,0.551,0.241
1642850,Thomas Sorber,NCAA,24.0,8.5,2.4,31.4,14.5,0.58,0.237
1643419,Hannes Steinbach,NCAA,30.0,11.8,1.6,34.6,18.5,0.636,0.242
1642892,Bennett Stirtz,NCAA,37.0,2.6,4.4,37.8,19.8,0.607,0.272
1643517,Dailyn Swain,NCAA,36.0,7.5,3.6,32.8,17.3,0.636,0.247
1643509,Meleek Thomas,NCAA,37.0,3.8,2.5,30.5,15.6,0.559,0.236
1643148,Saint Thomas,G-LEAGUE,36.0,5.1,3.8,29.5,12.5,0.573,0.174
1643570,Bruce Thornton,NCAA,34.0,5.1,3.9,36.6,19.9,0.665,0.237
1643102,Trey Townsend,G-LEAGUE,24.0,2.2,1.0,18.7,4.6,0.589,0.104
1643640,"Ernest Udeh, Jr.",NCAA,33.0,9.2,0.5,28.0,6.7,0.68,0.097
1642870,Milos Uzan,NCAA,37.0,2.7,4.0,33.0,11.1,0.493,0.197
1643539,Henri Veesaar,NCAA,31.0,8.7,2.1,31.3,17.0,0.664,0.233
1643413,Keaton Wagler,NCAA,37.0,5.1,4.2,33.9,17.9,0.596,0.253
1643410,Caleb Wilson,NCAA,24.0,9.4,2.7,31.3,19.8,0.626,0.282
1643547,Sergio de Larrea,INTERNATIONAL,54.0,2.2,3.0,14.6,6.8,0.587,0.213
