TEAM_ID,OLD_SEASON,NEW_SEASON,RETURNING,OUTGOING,INCOMING
1610612737,2025-26,2026-27,"{1629216, 1630552, 1627741, 1629638, 1642854, 1631243, 203468, 1630700, 1628396, 1630228, 1642933, 1642484, 1629111, 1630168, 1630811, 1630557}","{1642368, 1631210, 1631216, 1642258, 1631132}","{1630592, 1642948, 1630598, 1643539, 1643412, 1629652, 1643544, 1642269}"
1610612738,2025-26,2026-27,"{1642917, 1630568, 1629674, 1630573, 1641775, 1631248, 1628401, 1642864, 1628369, 1642873, 1630202, 1631199}","{1630625, 1628449, 202696, 1627759, 1642910}","{1643620, 201144, 1629011, 1642870, 1643416, 202331, 1641759}"
1610612751,2025-26,2026-27,"{1631169, 1641730, 1642849, 1642856, 1629611, 1643052, 1629008, 1642962, 1630549, 1642874, 1642879}","{1630592, 1641761, 1630533, 1630534, 1630604, 1641869, 1630286, 1629651, 1630623}","{203944, 1631165, 1643538, 1643414, 1643548, 1629021}"
1610612766,2025-26,2026-27,"{1629632, 1642275, 1642883, 1642851, 1630214, 1641706, 1642862, 1626192, 1631217, 1641810, 1629684, 1641750, 1641790}","{1630182, 1628970, 1630544, 1641809, 1630163, 1641787}","{1628960, 1642369, 1643515, 1629675, 1626220, 203471, 1627827, 1643251, 1643573, 1643419, 1643102}"
1610612741,2025-26,2026-27,"{1641824, 1642855, 1630188, 1628380, 1630581, 1631159, 1630200, 1642265, 1630171, 1630172}","{1630208, 1642530, 1642950, 1642280, 1631338, 1627824, 1630644, 1629012, 1629014, 1631093}","{1626181, 1643591, 1643410, 1629651, 1643637, 1643517}"
1610612739,2025-26,2026-27,"{1642400, 1630241, 1628386, 1628418, 1642434, 1630596, 1641854, 1642281, 1641772, 201935, 1628378, 1642878}","{1629731, 1642468, 1628366, 1631247, 203471, 1629622, 1641753, 1626204, 1631165, 1630846}","{1643640, 1626209, 1631212, 1643509}"
1610612742,2025-26,2026-27,"{1629655, 203939, 1631108, 1628997, 1642843, 1630230, 1642967, 1630619, 1641726, 1629023}","{1641890, 1628963, 202691, 1642948, 1630314, 203114, 1642358, 1642939, 1630526}","{1643585, 1643588, 1631204, 1643516, 1642258, 1641844, 1630583, 202681, 1643547, 1641724}"
1610612743,2025-26,2026-27,"{1629661, 1626145, 1627750, 1628971, 1630192, 1642354, 1641747, 1631124, 1631223, 1631128, 1642938, 203932, 1642461, 203999}","{1631212, 203501, 1629618, 1641816, 202685}","{1643624, 1628963, 1643813, 1642350}"
1610612765,2025-26,2026-27,"{1631105, 1630595, 1642404, 1642403, 1631111, 1629130, 1641709, 1642449, 1642450, 1630194, 1641842, 1629750, 1628989}","{1627747, 1631204, 1641732, 202699, 1630191, 1641752}","{1641989, 1627752, 203914, 1643536, 1630198, 1642391, 1628381}"
1610612744,2025-26,2026-27,"{203552, 204001, 1627780, 1641764, 1642502, 203110, 1629001, 1643018, 1642954, 1631466, 1630541, 1629646, 1630611, 201939, 202710, 201143}","{1630209, 1642366, 1630311}","{1627777, 1643650, 1631207, 1630314, 1642865}"
1610612745,2025-26,2026-27,"{1631106, 1641708, 1642263, 203500, 1642384, 1630256, 1630578, 201142, 1631095, 201145, 203991, 1628988}","{1631120, 1641803, 1627827, 1629006}","{1641763, 203992, 1642951, 1643595, 1643570, 1643572, 1627832, 1631131, 203935}"
1610612746,2025-26,2026-27,"{1629636, 1642949, 203078, 202695, 1642920, 201572, 1627884, 1630543, 1641807, 1642353, 201587, 1631097, 1627739, 1641757, 1631102}","{1643141, 1642951, 101108, 203992, 1628381}","{1643712, 1642530, 1629060, 1643568, 1642481, 1629618, 1641780, 1643413, 1629622, 1642394}"
1610612747,2025-26,2026-27,"{1629029, 1643024, 1642355, 1642261, 1631222, 1642876, 1629020, 1630559}","{1629060, 1641733, 1629028, 1629637, 1641723, 2544, 1628467, 1628379, 1631166, 203935}","{1630533, 1630572, 1631117, 1630702, 1643758, 1629680, 1629012, 1641751, 1629656, 1643418, 1626172}"
1610612763,2025-26,2026-27,"{1642914, 1630590, 1641765, 201959, 1642377, 1641707, 1642285, 1642383, 1641744, 1641713, 1642907, 1629660, 1642942}","{1629634, 1641727, 1631174, 1642380, 1641712, 1630610, 1643253, 1631351, 203484, 1643133, 1629630, 1630583}","{1631200, 1643563, 1626156, 1630191, 1643409, 203924, 1642358, 1643510, 1642366}"
1610612748,2025-26,2026-27,"{1631107, 1641796, 1628389, 1642884, 1630696, 1642443, 1631211, 203952, 1642352, 1642066, 1631323, 1630558}","{1631170, 1642276, 1626181, 1629639, 1642857}","{1630208, 1643553, 202691, 1643621, 203501, 1643727, 203507, 1626171}"
1610612749,2025-26,2026-27,"{1631172, 1642504, 1629645, 1628398, 1631250, 1630579, 1631157, 1626167, 1629018, 1631260}","{203648, 1630560, 1627752, 203914, 1630828, 203507, 1641748, 1641813, 1626171, 1630175}","{1642880, 1642881, 1631170, 1627747, 1642276, 1629639, 1641831, 1642857, 1643415, 1643417}"
1610612750,2025-26,2026-27,"{1642402, 1630245, 1630183, 203497, 1630538, 1641740, 1630545, 1628978, 1642866, 1630162, 1642389, 1642911}","{203937, 1641763, 203944, 1629675, 1630548, 201144, 204060}","{1642912, 1643626, 1630163, 1642262, 1626168}"
1610612752,2025-26,2026-27,"{1628384, 1641794, 1642885, 1642278, 1630631, 1628969, 1630540, 1628973, 1626157, 1628404, 1629013, 1642359, 1641755, 203903}","{1630574, 1629011, 1631110, 1641998}","{203083, 1643589, 1643583}"
1610612753,2025-26,2026-27,"{1631457, 1630658, 1630532, 1630217, 1642859, 1641710, 1628975, 1628976, 1628371, 1642869, 1631094, 1641783, 1629048, 1631288, 1630591}","{1631115, 1641724, 1629021}","{202696, 1643593}"
1610612754,2025-26,2026-27,"{1642277, 1627783, 204456, 1641767, 1641738, 1641771, 1631245, 1629614, 1627826, 1630643, 1641716, 1630167, 1630174}","{1642880, 1628420, 1628998, 1630695, 1630164, 1630679, 1629726, 1643007}","{1643552, 1630169, 1626162, 1626204}"
1610612755,2025-26,2026-27,"{200768, 1630178, 1641737, 1630699, 1642348, 1631213, 1631133, 203954, 1642845, 1631230}","{201569, 1631207, 1642282, 203083, 1630570, 1626162, 1641780, 1626166, 1629656, 202331}","{1629731, 1629605, 1642889, 1643148, 1630574, 1627759, 2544, 1641712, 1631126, 1643575, 1642392, 1629014, 203484}"
1610612756,2025-26,2026-27,"{1629312, 1628415, 1630692, 1631109, 1642886, 1643047, 1642853, 1642345, 1642346, 1642863, 1630224, 1631123, 1626164, 1631221, 1630587, 1629599}","{1628960, 1626220, 1628502}","{1643520, 1628970, 1628379, 1630311}"
1610612757,2025-26,2026-27,"{1631104, 1629057, 1631321, 1630249, 1641739, 1631101, 1642959, 1630703, 1643257, 1630166, 1642905, 201950, 1642270}","{1631200, 1641871, 1629680, 203924, 1631126, 1631451}","{1642910, 1631110, 1630695, 203081, 1642382, 1629630}"
1610612758,2025-26,2026-27,"{1642363, 1631342, 1642928, 1628370, 1642875, 1627734, 203897, 1631099, 1630173, 1629631}","{1629610, 1631116, 201566, 1629234, 1630165, 203926, 201942, 1642269, 1641815, 203967}","{1642284, 1643567, 1641745, 1643411, 1642367}"
1610612759,2025-26,2026-27,"{1629640, 1641705, 1629162, 203084, 1628368, 1630577, 1642868, 1642357, 1628436, 1642264, 1630170, 1642844}","{1641801, 1630322, 1631127, 1630649, 203482, 203486, 202687}","{202699, 1643007, 1643542, 1643576, 1643551, 1643519}"
1610612760,2025-26,2026-27,"{1627936, 1642272, 1629026, 1628392, 1631114, 1642349, 1631119, 1642964, 1642260, 1641717, 1628983, 1631096}","{1631205, 1630598, 1642382, 1629652, 1630198, 1642362}","{1642850, 1643717, 1643530, 1642923, 1642892}"
1610612761,2025-26,2026-27,"{1642918, 1630567, 1627751, 1642347, 1630639, 1641711, 1630193, 1631218, 1642867, 1642419, 1642935, 1642266, 1629628, 1627742}","{202066, 1630572, 1628365, 1642367}","{203937, 1643558, 1641869, 1641998, 1642927, 1641748, 1643512}"
1610612762,2025-26,2026-27,"{1641729, 1628964, 1642268, 1643016, 1629004, 1643060, 1628991, 1628374, 201567, 1641718, 203994, 1642396, 1642846, 1642271}","{1641989, 1631113, 1631117, 1631246, 1643158, 1642262, 1629723, 1631131}","{1629637, 1630182, 1641802, 1642926, 1629006, 1643408, 1631127, 1641725}"
1610612764,2025-26,2026-27,"{1642848, 1642273, 1641731, 203076, 1629027, 1630536, 1642860, 1641774, 1642259, 1630551, 1630264, 1642267, 1642364}","{1642882, 1627746, 1642955, 1626156, 1631214, 1630702, 1641778, 1641715, 1631103}","{1629028, 1643590, 203114, 1643407, 1630544}"
1610612740,2025-26,2026-27,"{1630529, 1630530, 1642274, 1642852, 1627749, 1630180, 1629673, 1631121, 1631255, 201599, 1641722, 1629627, 1642877, 1642847}","{1642490, 1626172, 1641725, 1630621}","{1643555, 1630570, 1631216, 1643738, 1641723, 1631132}"
