,TEAM_NAME,FEATURE_SEASON,TARGET_SEASON,TARGET_OLD_CORE_AVAILABILITY,ACTUAL_WIN_PCT,PREDICTED_WIN_PCT,ACTUAL_WIN_82,PREDICTED_WIN_82,PREDICTION_ERROR_82,RIDGE_ADJUSTED_WIN_PCT,RIDGE_ADJUSTED_WINS,PREDICTED_W_PCT,NEXT_SEASON_WIN_PCT,NN_ADJUSTED_WIN_PCT,ENSEMBLE_WIN_PCT,RIDGE_ABS_ERROR,NN_ABS_ERROR,ENSEMBLE_ABS_ERROR,ENSEMBLE_ERROR_WINS
0,Los Angeles Lakers,2019-20,2020-21,0.4809027777777778,0.583,0.7570716299493788,47.806,62.07987365584906,14.273873655849066,0.7451341763473599,61.101002460483514,0.7145261,0.583,0.70206046,0.7235973186958358,0.16213417634735994,0.11906046104431156,0.1405973186958358,11.528980133058536
1,Brooklyn Nets,2019-20,2020-21,0.3177083333333333,0.667,0.696915666653197,54.694,57.147084665562154,2.4530846655621517,0.6849782130511781,56.168213470196605,0.6620491,0.667,0.64958346,0.6672808359758149,0.017978213051178082,0.017416541099548377,0.00028083597581485265,0.023028550016817917
2,Milwaukee Bucks,2019-20,2020-21,0.4600694444444444,0.639,0.6937822163714545,52.398,56.89014174245927,4.492141742459268,0.6818447627694356,55.91127054709372,0.7261775,0.639,0.71371186,0.6977783102825754,0.04284476276943561,0.07471185779571532,0.05877831028257541,4.819821443171183
3,Dallas Mavericks,2019-20,2020-21,0.6024305555555556,0.583,0.6426701146852046,47.806,52.69894940418678,4.89294940418678,0.6307326610831857,51.72007820882123,0.6430012,0.583,0.63053554,0.6306341020240605,0.047732661083185746,0.04753554296493534,0.04763410202406049,3.90599636597296
4,LA Clippers,2019-20,2020-21,0.46354166666666663,0.653,0.6310855130035984,53.546,51.749012066295066,-1.7969879337049335,0.6191480594015795,50.77014087092952,0.6606971,0.653,0.64823145,0.6336897530722955,0.03385194059842056,0.00476855325698855,0.019310246927704555,1.5834402480717735
5,Utah Jazz,2019-20,2020-21,0.7864583333333334,0.722,0.6133077703994674,59.204,50.291237172756325,-8.912762827243675,0.6013703167974485,49.312365977390776,0.6217451,0.722,0.60927945,0.6053248852759368,0.12062968320255152,0.11272054624557493,0.11667511472406322,9.567359407373184
6,Indiana Pacers,2019-20,2020-21,0.5954861111111112,0.472,0.5936348477885659,38.704,48.678057518662406,9.974057518662406,0.581697394186547,47.69918632329685,0.5746669,0.472,0.56220126,0.5719493278534664,0.109697394186547,0.09020126152038577,0.09994932785346644,8.195844883984249
7,Toronto Raptors,2019-20,2020-21,0.3506944444444444,0.375,0.5928024551150795,30.75,48.609801319436514,17.859801319436514,0.5808650015130605,47.630930124070964,0.6284912,0.375,0.61602557,0.5984452842839045,0.20586500151306053,0.24102556705474854,0.22344528428390453,18.322513311280172
8,Miami Heat,2019-20,2020-21,0.6041666666666666,0.556,0.5793049597466902,45.592000000000006,47.50300669922859,1.9110066992285866,0.5673675061446712,46.52413550386304,0.5862306,0.556,0.5737649,0.5705662131896757,0.011367506144671191,0.017764920234680126,0.014566213189675659,1.194429481553404
9,Boston Celtics,2019-20,2020-21,0.29513888888888884,0.5,0.5665637443522957,41.0,46.458227036888246,5.458227036888246,0.5546262907502768,45.4793558415227,0.60510254,0.5,0.5926369,0.5736315870045482,0.05462629075027681,0.09263688325881958,0.0736315870045482,6.037790134372952
10,Denver Nuggets,2019-20,2020-21,0.484375,0.653,0.5602030726402244,53.546,45.9366519564984,-7.609348043501598,0.5482656190382055,44.95778076113285,0.5685683,0.653,0.55610263,0.5521841262572313,0.10473438096179455,0.0968973665237427,0.10081587374276868,8.266901646907032
11,Philadelphia 76ers,2019-20,2020-21,0.39236111111111116,0.681,0.5449371530000304,55.842000000000006,44.6848465460025,-11.157153453997509,0.5329996993980115,43.70597535063694,0.5644268,0.681,0.5519611,0.5424804116706702,0.14800030060198854,0.1290388760566712,0.13851958832932987,11.358606243005049
12,Phoenix Suns,2019-20,2020-21,0.5520833333333333,0.708,0.5429918475208151,58.056,44.52533149670684,-13.530668503293157,0.5310543939187962,43.546460301341284,0.5558697,0.708,0.54340404,0.5372292183197954,0.1769456060812038,0.16459595727920528,0.17077078168020454,14.003204097776772
13,Memphis Grizzlies,2019-20,2020-21,0.7100694444444444,0.528,0.5242931759067123,43.296,42.99204042435041,-0.30395957564959275,0.5123557223046934,42.01316922898486,0.55807596,0.528,0.5456103,0.5289830154759245,0.01564427769530663,0.017610308647155737,0.000983015475924498,0.08060726902580884
14,Portland Trail Blazers,2019-20,2020-21,0.3819444444444445,0.583,0.49578232111894927,47.806,40.65415033175384,-7.151849668246157,0.48384486751693034,39.67527913638829,0.5128918,0.583,0.5004262,0.4921355203635372,0.09915513248306962,0.08257382678985592,0.09086447963646277,7.450887330189947
15,Chicago Bulls,2019-20,2020-21,0.5277777777777777,0.431,0.49541260217372074,35.342,40.6238333782451,5.2818333782451035,0.4834751485717018,39.644962182879546,0.4913211,0.431,0.47885543,0.48116528982578316,0.052475148571701824,0.04785543107986451,0.050165289825783166,4.11355376571422
16,Atlanta Hawks,2019-20,2020-21,0.5329861111111112,0.569,0.4918716571487071,46.657999999999994,40.33347588619398,-6.324524113806014,0.4799342035466882,39.35460469082843,0.45571184,0.569,0.4432462,0.4615901946631299,0.08906579645331175,0.12575381422042842,0.10740980533687006,8.807604037623344
17,Minnesota Timberwolves,2019-20,2020-21,0.5520833333333333,0.319,0.4840193914206027,26.158,39.68959009648942,13.531590096489417,0.47208193781858376,38.71071890112387,0.47530198,0.319,0.46283633,0.4674591314935967,0.15308193781858376,0.1438363251686096,0.14845913149359669,12.173648782474928
18,Washington Wizards,2019-20,2020-21,0.3958333333333333,0.472,0.46923787294435315,38.704,38.47750558143696,-0.22649441856304264,0.45730041934233423,37.49863438607141,0.42648628,0.472,0.41402063,0.43566052353968976,0.014699580657665745,0.05797937226295469,0.036339476460310216,2.9798370697454377
19,New Orleans Pelicans,2019-20,2020-21,0.38888888888888884,0.431,0.45174193967899223,35.342,37.04283905367736,1.7008390536773632,0.4398044860769733,36.06396785831181,0.43177664,0.431,0.419311,0.42955773653633517,0.008804486076973317,0.011689013004302973,0.001442263463664828,0.11826560402051589
20,Charlotte Hornets,2019-20,2020-21,0.7118055555555556,0.458,0.44484026052737025,37.556000000000004,36.47690136324436,-1.0790986367556457,0.4329028069253513,35.49803016787881,0.44059038,0.458,0.42812473,0.4305137663719927,0.025097193074648694,0.029875274181365985,0.02748623362800734,2.2538711574966017
21,Sacramento Kings,2019-20,2020-21,0.5052083333333334,0.431,0.4427111585153683,35.342,36.3023149982602,0.960314998260202,0.4307737049133494,35.32344380289465,0.4385722,0.431,0.42610654,0.4284401236311055,0.0002262950866506186,0.0048934576511383,0.002559876368894487,0.20990986224934793
22,San Antonio Spurs,2019-20,2020-21,0.5520833333333333,0.458,0.44244505387687455,37.556000000000004,36.28049441790371,-1.2755055820962937,0.43050760027485563,35.30162322253816,0.4309652,0.458,0.41849953,0.4245035648182902,0.02749239972514439,0.039500470638275165,0.033496435181709805,2.746707684900204
23,Oklahoma City Thunder,2019-20,2020-21,0.15104166666666666,0.306,0.42345336357087404,25.092,34.72317581281167,9.63117581281167,0.4115159099688551,33.74430461744612,0.39614168,0.306,0.38367602,0.3975959661300193,0.10551590996885513,0.07767602229118348,0.0915959661300193,7.510869222661583
24,Golden State Warriors,2019-20,2020-21,0.703125,0.542,0.4058311615227244,44.444,33.2781552448634,-11.165844755136604,0.3938937079207055,32.29928404949785,0.4176439,0.542,0.40517825,0.39953597840149957,0.14810629207929454,0.13682175111770634,0.14246402159850047,11.682049771077038
25,New York Knicks,2019-20,2020-21,0.5815972222222223,0.569,0.3999056752809978,46.657999999999994,32.79226537304182,-13.865734626958172,0.3879682216789789,31.81339417767627,0.37189314,0.569,0.35942748,0.3736978517843518,0.18103177832102108,0.20957251811027522,0.19530214821564817,16.01477615368315
26,Houston Rockets,2019-20,2020-21,0.109375,0.236,0.37606267295705365,19.352,30.8371391824784,11.485139182478399,0.3641252193550347,29.858267987112846,0.3728169,0.236,0.36035123,0.36223822701474423,0.12812521935503474,0.12435123467445375,0.12623822701474424,10.351534615209028
27,Orlando Magic,2019-20,2020-21,0.09375,0.292,0.375884457847196,23.944,30.82252554347007,6.878525543470072,0.36394700424517706,29.84365434810452,0.37451303,0.292,0.36204737,0.3629971892468409,0.07194700424517708,0.07004737424850466,0.0709971892468409,5.821769518240954
28,Cleveland Cavaliers,2019-20,2020-21,0.4045138888888889,0.306,0.3331720002396475,25.092,27.320104019651094,2.228104019651095,0.32123454663762857,26.341232824285544,0.34636763,0.306,0.33390197,0.32756825910811327,0.015234546637628577,0.027901971578598028,0.021568259108113275,1.7685972468652884
29,Detroit Pistons,2019-20,2020-21,0.0,0.278,0.2861878521044235,22.796000000000003,23.467403872562727,0.671403872562724,0.27425039850240457,22.488532677197174,0.32134697,0.278,0.3088813,0.2915658555555617,0.003749601497595456,0.030881312608718847,0.013565855555561668,1.1124001555560568
30,Utah Jazz,2020-21,2021-22,0.6554878048780487,0.598,0.6833869618320335,49.036,56.037730870226746,7.001730870226744,0.6892102283642991,56.51523872587253,0.6703065,0.598,0.6711003,0.6801552733980767,0.09121022836429915,0.07310031843185427,0.08215527339807671,6.7367324186422906
31,Phoenix Suns,2020-21,2021-22,0.7073170731707317,0.78,0.6515559062293901,63.96,53.42758431080998,-10.532415689190017,0.6573791727616556,53.90509216645576,0.6195183,0.78,0.6203121,0.6388456337250356,0.12262082723834444,0.1596879053115845,0.14115436627496447,11.574658034547086
32,Philadelphia 76ers,2020-21,2021-22,0.49390243902439024,0.622,0.6396528506447776,51.004,52.45153375287177,1.4475337528717702,0.6454761171770431,52.92904160851754,0.63650364,0.622,0.63729745,0.6413867843365837,0.02347611717704312,0.01529745149612427,0.019386784336583696,1.589716315599863
33,Milwaukee Bucks,2020-21,2021-22,0.42378048780487804,0.622,0.6282277184869896,51.004,51.51467291593314,0.5106729159331422,0.634050985019255,51.992180771578916,0.6228618,0.622,0.6236556,0.6288533011281731,0.012050985019255056,0.0016556172370910671,0.006853301128173062,0.561970692510191
34,New York Knicks,2020-21,2021-22,0.5274390243902439,0.451,0.6145534657122699,36.982,50.39338418840613,13.411384188406132,0.6203767322445355,50.870892044051914,0.5817809,0.451,0.5825747,0.6014757286977988,0.16937673224453548,0.131574725151062,0.15047572869779874,12.339009753219496
35,Denver Nuggets,2020-21,2021-22,0.6646341463414634,0.585,0.5886056493321417,47.97,48.265663245235615,0.29566324523561605,0.5944289158644072,48.74317110088138,0.581452,0.585,0.5822458,0.5883373712927993,0.009428915864407195,0.0027541732788085582,0.003337371292799318,0.2736644460095441
36,LA Clippers,2020-21,2021-22,0.4496951219512195,0.512,0.5868688836958025,41.984,48.1232484630558,6.1392484630558,0.592692150228068,48.60075631870158,0.59330255,0.512,0.59409636,0.5933942564094289,0.08069215022806797,0.08209636259078978,0.08139425640942888,6.674329025573168
37,Golden State Warriors,2020-21,2021-22,0.5060975609756098,0.646,0.5859410983944238,52.972,48.04717006834275,-4.92482993165725,0.5917643649266893,48.52467792398852,0.59186906,0.646,0.5926629,0.5922136179053155,0.05423563507331075,0.05333712911605837,0.05378638209468456,4.410483331764134
38,Atlanta Hawks,2020-21,2021-22,0.701219512195122,0.524,0.5858478783997323,42.968,48.03952602877805,5.071526028778045,0.5916711449319978,48.51703388442382,0.5638546,0.524,0.5646484,0.578159767374141,0.06767114493199777,0.04064838981628416,0.054159767374140966,4.441100924679559
39,Brooklyn Nets,2020-21,2021-22,0.30640243902439024,0.537,0.5593584973322017,44.034000000000006,45.86739678124054,1.8333967812405305,0.5651817638644672,46.344904636886305,0.5766335,0.537,0.5774273,0.5713045457486856,0.028181763864467135,0.04042732763290402,0.03430454574868558,2.812972751392217
40,Boston Celtics,2020-21,2021-22,0.538109756097561,0.622,0.5591105444319249,51.004,45.84706464341784,-5.15693535658216,0.5649338109641904,46.32457249906361,0.5549473,0.622,0.55574113,0.5603374711349425,0.05706618903580962,0.06625886869430542,0.06166252886505752,5.056327366934717
41,Dallas Mavericks,2020-21,2021-22,0.49542682926829273,0.634,0.5461086736263728,51.988,44.780911237362574,-7.207088762637426,0.5519319401586384,45.25841909300835,0.53684866,0.634,0.5376425,0.5447872095507548,0.08206805984136156,0.09635752105712891,0.08921279044924524,7.31544881683811
42,Los Angeles Lakers,2020-21,2021-22,0.14634146341463417,0.402,0.5326583503743365,32.964,43.67798473069559,10.713984730695593,0.538481616906602,44.15549258634137,0.57036686,0.402,0.5711607,0.5548211455008779,0.136481616906602,0.16916067409515378,0.1528211455008779,12.531333931071988
43,Memphis Grizzlies,2020-21,2021-22,0.5731707317073171,0.683,0.521903378748295,56.00600000000001,42.796077057360186,-13.209922942639821,0.5277266452805605,43.273584913005955,0.5294636,0.683,0.5302574,0.5289920245655579,0.1552733547194396,0.15274259614944463,0.1540079754344421,12.628653985624254
44,Washington Wizards,2020-21,2021-22,0.4969512195121951,0.427,0.5015036672362977,35.013999999999996,41.12330071337641,6.109300713376413,0.5073269337685633,41.60080856902219,0.5079232,0.427,0.508717,0.5080219671265149,0.08032693376856331,0.08171700048446656,0.08102196712651494,6.643801304374225
45,Chicago Bulls,2020-21,2021-22,0.3323170731707317,0.561,0.48438633990931923,46.002,39.71967987256418,-6.282320127435824,0.4902096064415848,40.197187728209954,0.5155916,0.561,0.51638544,0.5032975212498146,0.07079039355841527,0.04461456394195562,0.057702478750185415,4.731603257515204
46,Miami Heat,2020-21,2021-22,0.40548780487804875,0.646,0.480887268094129,52.972,39.43275598371858,-13.539244016281422,0.4867105346263946,39.910263839364355,0.49908325,0.646,0.49987707,0.49329380002327267,0.15928946537360544,0.14612293457984926,0.15270619997672735,12.521908398091643
47,New Orleans Pelicans,2020-21,2021-22,0.1676829268292683,0.439,0.4779358387472724,35.998,39.19073877727634,3.1927387772763396,0.48375910527953797,39.66824663292211,0.49996248,0.439,0.50075626,0.4922576845062241,0.04475910527953797,0.061756263732910155,0.05325768450622409,4.367130129510375
48,Charlotte Hornets,2020-21,2021-22,0.521341463414634,0.524,0.4703884596227435,42.968,38.571853689064966,-4.396146310935038,0.47621172615500906,39.04936154471074,0.48333526,0.524,0.48412907,0.4801703986953329,0.04778827384499096,0.03987092876434328,0.04382960130466712,3.594027306982704
49,Sacramento Kings,2020-21,2021-22,0.3475609756097561,0.366,0.46194244602891293,30.012,37.87928057437086,7.867280574370859,0.4677657125611785,38.356788430016636,0.45161033,0.366,0.45240414,0.46008492699363246,0.1017657125611785,0.08640414142608643,0.09408492699363247,7.7149640134778625
50,Toronto Raptors,2020-21,2021-22,0.6554878048780488,0.585,0.4600916029810725,47.97,37.72751144444794,-10.242488555552058,0.46591486951333805,38.20501930009372,0.4539778,0.585,0.4547716,0.4603432388137903,0.11908513048666192,0.1302283918857574,0.12465676118620966,10.221854417269192
51,Minnesota Timberwolves,2020-21,2021-22,0.7408536585365854,0.561,0.42904965015855584,46.002,35.18207131300158,-10.819928686998423,0.4348729166908214,35.659579168647355,0.4388964,0.561,0.4396902,0.43728155958270776,0.12612708330917866,0.12130979752540594,0.1237184404172923,10.144912114217968
52,Portland Trail Blazers,2020-21,2021-22,0.12957317073170732,0.329,0.40925692030390187,26.978,33.559067464919956,6.581067464919954,0.41508018683616743,34.03657532056573,0.38468122,0.329,0.38547504,0.40027761315914206,0.08608018683616742,0.056475039482116685,0.07127761315914205,5.844764279049648
53,Detroit Pistons,2020-21,2021-22,0.4847560975609756,0.28,0.4060468393652923,22.96,33.29584082795397,10.335840827953966,0.41187010589755785,33.77334868359974,0.39904407,0.28,0.39983788,0.4058539936121166,0.13187010589755782,0.11983788132667539,0.12585399361211658,10.320027476193559
54,Indiana Pacers,2020-21,2021-22,0.2621951219512195,0.305,0.39997794944162046,25.009999999999998,32.79819185421288,7.788191854212883,0.405801215973886,33.27569970985866,0.3609219,0.305,0.3617157,0.38375846008826897,0.10080121597388603,0.056715704202651984,0.07875846008826898,6.458193727238056
55,San Antonio Spurs,2020-21,2021-22,0.42835365853658536,0.415,0.39981439643885336,34.03,32.78478050798598,-1.245219492014023,0.4056376629711189,33.262288363631754,0.3638653,0.415,0.3646591,0.3851483818710346,0.009362337028881063,0.05034089922904966,0.029851618128965363,2.44783268657516
56,Cleveland Cavaliers,2020-21,2021-22,0.5213414634146342,0.537,0.37950643199948275,44.034000000000006,31.119527423957585,-12.91447257604242,0.3853296985317483,31.59703527960336,0.42986774,0.537,0.43066156,0.40799562881833384,0.15167030146825172,0.1063384408950806,0.1290043711816662,10.578358436896627
57,Orlando Magic,2020-21,2021-22,0.5167682926829269,0.268,0.2769466682258564,21.976000000000003,22.709626794520226,0.7336267945202231,0.28276993475812195,23.187134650166,0.3336983,0.268,0.33449212,0.30863102596232056,0.014769934758121939,0.06649211716651915,0.040631025962320544,3.3317441289102847
58,Houston Rockets,2020-21,2021-22,0.40243902439024387,0.244,0.2580700268655927,20.008,21.1617422029786,1.1537422029786022,0.2638932933978583,21.639250058624377,0.30956295,0.244,0.31035677,0.2871250296916736,0.01989329339785828,0.0663567659854889,0.04312502969167359,3.5362524347172344
59,Oklahoma City Thunder,2020-21,2021-22,0.5807926829268293,0.293,0.24571764137244062,24.026,20.14884659254013,-3.8771534074598684,0.2515409079047062,20.626354448185907,0.31445482,0.293,0.31524864,0.28339477314810047,0.041459092095293804,0.02224863839149477,0.009605226851899518,0.7876286018557604
60,Boston Celtics,2021-22,2022-23,0.7027439024390244,0.695,0.7186414612295602,56.989999999999995,58.92859982082393,1.9385998208239386,0.7050299510951598,57.8124559898031,0.6886913,0.695,0.6783828,0.6917063825128356,0.010029951095159806,0.016617186069488477,0.003293617487164391,0.27007663394748005
61,Memphis Grizzlies,2021-22,2022-23,0.5091463414634146,0.622,0.6582894842250457,51.004,53.97973770645375,2.9757377064537494,0.6446779740906453,52.86359387543292,0.65439826,0.622,0.64408976,0.6443838662433969,0.022677974090645314,0.022089758396148684,0.022383866243396944,1.8354770319585494
62,Phoenix Suns,2021-22,2022-23,0.4070121951219512,0.549,0.6564508865960362,45.018,53.82897270087497,8.81097270087497,0.6428393764616358,52.712828869854135,0.6593017,0.549,0.6489932,0.6459162852824384,0.09383937646163576,0.09999319410324092,0.09691628528243834,7.947135393159944
63,Toronto Raptors,2021-22,2022-23,0.7332317073170731,0.5,0.6438123280465862,41.0,52.79261089982007,11.792610899820069,0.6302008179121857,51.676467068799234,0.6156714,0.5,0.6053629,0.6177818550315324,0.13020081791218574,0.1053628921508789,0.11778185503153238,9.658112112585655
64,Philadelphia 76ers,2021-22,2022-23,0.6280487804878049,0.659,0.6277645169403613,54.038000000000004,51.47669038910963,-2.561309610890376,0.6141530068059609,50.36054655808879,0.60799086,0.659,0.59768236,0.6059176818201862,0.044846993194039175,0.06131764316558841,0.05308231817981379,4.352750090744731
65,LA Clippers,2021-22,2022-23,0.5914634146341464,0.537,0.6276283780486428,44.034000000000006,51.46552699998871,7.431526999988705,0.6140168679142424,50.349383168967876,0.60825545,0.537,0.59794694,0.605981904883406,0.07701686791424234,0.06094694185256955,0.06898190488340594,5.656516200439287
66,Milwaukee Bucks,2021-22,2022-23,0.6768292682926829,0.707,0.626939979909051,57.974,51.40907835254219,-6.564921647457808,0.6133284697746506,50.29293452152135,0.6137903,0.707,0.60348177,0.6084051196682091,0.09367153022534935,0.10351823043823238,0.09859488033179087,8.084780187206851
67,Golden State Warriors,2021-22,2022-23,0.6082317073170732,0.537,0.6198457736863353,44.034000000000006,50.827353442279495,6.793353442279489,0.6062342635519349,49.71120961125866,0.6186933,0.537,0.6083848,0.6073095257941407,0.06923426355193485,0.0713847880363464,0.07030952579414063,5.765381115119531
68,Cleveland Cavaliers,2021-22,2022-23,0.5579268292682926,0.622,0.610054561556047,51.004,50.02447404759585,-0.9795259524041455,0.5964430514216466,48.90833021657502,0.5944328,0.622,0.58412427,0.5902836592614672,0.025556948578353444,0.037875732898712156,0.0317163407385328,2.6007399405596896
69,Miami Heat,2021-22,2022-23,0.6875,0.537,0.6002786077557103,44.034000000000006,49.22284583596824,5.1888458359682375,0.5866670976213099,48.10670200494741,0.6035682,0.537,0.5932597,0.5899633949066938,0.04966709762130983,0.056259692192077604,0.05296339490669377,4.342998382348889
70,Dallas Mavericks,2021-22,2022-23,0.5,0.463,0.5952365759744331,37.966,48.80939922990352,10.843399229903518,0.5816250658400327,47.693255398882684,0.5918056,0.463,0.5814971,0.5815610695067779,0.11862506584003268,0.11849707317352293,0.11856106950677786,9.722007699555785
71,Minnesota Timberwolves,2021-22,2022-23,0.3673780487804878,0.512,0.5781675809714815,41.984,47.40974163966148,5.4257416396614815,0.564556070837081,46.29359780864065,0.59673375,0.512,0.58642524,0.5754906578226391,0.052556070837081026,0.07442524480819701,0.06349065782263907,5.206233941456404
72,Denver Nuggets,2021-22,2022-23,0.3887195121951219,0.646,0.5767714931544592,52.972,47.29526243866565,-5.676737561334349,0.5631599830200588,46.17911860764482,0.57857805,0.646,0.56826955,0.5657147669101912,0.08284001697994126,0.07773044919967653,0.08028523308980884,6.5833891133643245
73,New Orleans Pelicans,2021-22,2022-23,0.6128048780487805,0.512,0.5740303420407988,41.984,47.070488047345506,5.0864880473455045,0.5604188319063984,45.95434421632467,0.56494355,0.512,0.55463505,0.557526939909498,0.048418831906398396,0.042635047912597646,0.045526939909497965,3.733209072578833
74,New York Knicks,2021-22,2022-23,0.524390243902439,0.573,0.5472267525486568,46.986,44.87259370898986,-2.1134062910101363,0.5336152424142564,43.756449877969025,0.5291343,0.573,0.51882577,0.5262205059193474,0.03938475758574356,0.05417423057556148,0.04677949408065252,3.8359185146135064
75,Brooklyn Nets,2021-22,2022-23,0.26676829268292684,0.549,0.5405386306558211,45.018,44.32416771377733,-0.6938322862226727,0.5269271205214207,43.20802388275649,0.57994074,0.549,0.56963223,0.5482796763552995,0.022072879478579388,0.020632232189178423,0.0007203236447005379,0.05906653886544411
76,Atlanta Hawks,2021-22,2022-23,0.5030487804878049,0.5,0.530791531367311,41.0,43.52490557211951,2.5249055721195077,0.5171800212329106,42.40876174109867,0.556232,0.5,0.5459235,0.5315517463418582,0.017180021232910625,0.045923471450805664,0.0315517463418582,2.5872432000323724
77,Chicago Bulls,2021-22,2022-23,0.8170731707317074,0.488,0.5143592163536627,40.016,42.17745574100034,2.1614557410003385,0.5007477062192622,41.0613119099795,0.51575595,0.488,0.50544745,0.5030975767596098,0.012747706219262245,0.017447447299957286,0.015097576759609765,1.2380012942880008
78,Washington Wizards,2021-22,2022-23,0.6204268292682926,0.427,0.4946160474308024,35.013999999999996,40.5585158893258,5.544515889325801,0.48100453729640197,39.44237205830496,0.49396646,0.427,0.48365796,0.48233124670987704,0.05400453729640198,0.05665795612335206,0.05533124670987705,4.537162230209918
79,Sacramento Kings,2021-22,2022-23,0.6432926829268293,0.585,0.45154703326946416,47.97,37.026856728096064,-10.943143271903935,0.43793552313506373,35.91071289707523,0.42491868,0.585,0.41461018,0.4262728502067912,0.14706447686493623,0.1703898227214813,0.1587271497932088,13.01562628304312
80,Los Angeles Lakers,2021-22,2022-23,0.26676829268292684,0.524,0.4433646941763081,42.968,36.35590492245726,-6.61209507754274,0.42975318404190765,35.23976109143643,0.38518515,0.524,0.37487665,0.4023149161147725,0.09424681595809237,0.1491233518123627,0.12168508388522753,9.978176878588657
81,Charlotte Hornets,2021-22,2022-23,0.4222560975609756,0.329,0.4216529456278373,26.978,34.57554154148266,7.597541541482656,0.40804143549343685,33.45939771046182,0.446444,0.329,0.4361355,0.4220884680814581,0.07904143549343684,0.10713550066947936,0.0930884680814581,7.633254382679564
82,San Antonio Spurs,2021-22,2022-23,0.2576219512195122,0.268,0.41830156304478805,21.976000000000003,34.30072816967262,12.324728169672614,0.4046900529103876,33.18458433865179,0.3991656,0.268,0.3888571,0.3967735746720136,0.1366900529103876,0.12085709643363951,0.12877357467201356,10.559433123105112
83,Utah Jazz,2021-22,2022-23,0.17835365853658536,0.451,0.39381739617192546,36.982,32.29302648609789,-4.688973513902113,0.38020588603752503,31.17688265507705,0.3395106,0.451,0.3292021,0.35470398588546936,0.07079411396247498,0.12179791426658632,0.09629601411453065,7.896273157391513
84,Indiana Pacers,2021-22,2022-23,0.5853658536585366,0.427,0.38378496572329734,35.013999999999996,31.470367189310384,-3.543632810689612,0.3701734555888969,30.35422335828955,0.36448488,0.427,0.35417637,0.36217491393927725,0.056826544411103075,0.0728236277103424,0.06482508606072274,5.315657056979265
85,Detroit Pistons,2021-22,2022-23,0.36890243902439024,0.207,0.370241163409514,16.974,30.35977539958015,13.385775399580151,0.3566296532751136,29.243631568559316,0.3500885,0.207,0.33978,0.3482048280537632,0.1496296532751136,0.13278000283241273,0.1412048280537632,11.578795900408581
86,Orlando Magic,2021-22,2022-23,0.4954268292682927,0.415,0.35554110206124045,34.03,29.154370369021716,-4.875629630978285,0.34192959192684,28.03822653800088,0.36441877,0.415,0.35411027,0.34801993133272086,0.07307040807315995,0.060889729261398295,0.06698006866727912,5.492365630716888
87,Portland Trail Blazers,2021-22,2022-23,0.3445121951219512,0.402,0.28947203967969093,32.964,23.736707253734657,-9.227292746265341,0.2758605295452905,22.620563422713822,0.3204989,0.402,0.3101904,0.29302546948360564,0.12613947045470952,0.09180959057807925,0.10897453051639439,8.93591150234434
88,Houston Rockets,2021-22,2022-23,0.3780487804878049,0.268,0.2721438312932859,21.976000000000003,22.315794166049443,0.33979416604944035,0.25853232115888547,21.199650335028608,0.31132713,0.268,0.30101863,0.27977547332835173,0.009467678841114546,0.03301862549781798,0.011775473328351715,0.9655888129248407
89,Oklahoma City Thunder,2021-22,2022-23,0.43902439024390244,0.488,0.2670344210838592,40.016,21.896822528876456,-18.119177471123542,0.2534229109494588,20.78067869785562,0.3313286,0.488,0.3210201,0.2872215037449549,0.2345770890505412,0.16697990345954894,0.20077849625504507,16.463836692913695
90,Cleveland Cavaliers,2022-23,2023-24,0.6554878048780488,0.585,0.6660116533246319,47.97,54.61295557261981,6.642955572619812,0.6553326166990813,53.73727456932466,0.63802475,0.585,0.62085146,0.6380920369090346,0.07033261669908131,0.03585145711898807,0.053092036909034634,4.35354702654084
91,Boston Celtics,2022-23,2023-24,0.42987804878048785,0.78,0.6555194730460225,63.96,53.75259678977385,-10.207403210226154,0.644840436420472,52.8769157864787,0.6397075,0.78,0.6225342,0.6336873259353795,0.13515956357952807,0.15746578454971316,0.14631267406462056,11.997639273298887
92,Sacramento Kings,2022-23,2023-24,0.885670731707317,0.561,0.5950836703862731,46.002,48.79686097167439,2.794860971674389,0.5844046337607225,47.92117996837924,0.5963997,0.561,0.57922643,0.5818155339957635,0.023404633760722438,0.01822643423080439,0.020815533995763413,1.7068737876526
93,Oklahoma City Thunder,2022-23,2023-24,0.6890243902439024,0.695,0.5831624508035331,56.989999999999995,47.819320965889716,-9.170679034110279,0.5724834141779825,46.94363996259457,0.58671993,0.695,0.56954664,0.5710150270486318,0.12251658582201741,0.12545336008071895,0.12398497295136812,10.166767782012187
94,New Orleans Pelicans,2022-23,2023-24,0.7332317073170732,0.598,0.5812406686990232,49.036,47.661734833319905,-1.3742651666800967,0.5705616320734727,46.786053830024755,0.5801612,0.598,0.5629879,0.5667747778478021,0.02743836792652732,0.03501207637786863,0.031225222152197918,2.5604682164802295
95,Milwaukee Bucks,2022-23,2023-24,0.5564024390243902,0.598,0.5729337754387878,49.036,46.9805695859806,-2.055430414019405,0.5622547388132372,46.10488858268545,0.58402234,0.598,0.56684905,0.5645518958596367,0.0357452611867628,0.0311509470939636,0.033448104140363255,2.742744539509787
96,Denver Nuggets,2022-23,2023-24,0.6859756097560976,0.695,0.567042218810367,56.989999999999995,46.497461942450094,-10.4925380575499,0.5563631821848164,45.621780939154945,0.58290565,0.695,0.56573236,0.5610477710354929,0.13863681781518356,0.12926764011383052,0.1339522289645071,10.98408277508958
97,New York Knicks,2022-23,2023-24,0.4725609756097561,0.61,0.5649810053334499,50.019999999999996,46.328442437342886,-3.6915575626571098,0.5543019687078993,45.45276143404774,0.5701346,0.61,0.5529613,0.5536316292952796,0.055698031292100714,0.057038710117340075,0.05636837070472034,4.6222063977870675
98,Memphis Grizzlies,2022-23,2023-24,0.2378048780487805,0.329,0.5643891064118455,26.978,46.279906725771326,19.301906725771325,0.5537100697862949,45.404225722476184,0.587017,0.329,0.5698437,0.5617768896275682,0.22471006978629487,0.24084370946884154,0.2327768896275682,19.087704949460594
99,Los Angeles Lakers,2022-23,2023-24,0.5091463414634146,0.573,0.5616623578704897,46.986,46.056313345380154,-0.929686654619843,0.5509833212449391,45.180632342085005,0.57170796,0.573,0.5545347,0.5527589974678675,0.02201667875506086,0.018465326309204055,0.020241002532132457,1.6597622076348615
100,Phoenix Suns,2022-23,2023-24,0.21798780487804878,0.598,0.5608087289384854,49.036,45.986315772955805,-3.049684227044196,0.5501296923129348,45.110634769660656,0.58219576,0.598,0.56502247,0.5575760804399147,0.04787030768706513,0.032977531433105445,0.040423919560085286,3.3147614039269935
101,Philadelphia 76ers,2022-23,2023-24,0.3307926829268293,0.573,0.5590319947561668,46.986,45.84062357000568,-1.1453764299943145,0.5483529581306162,44.96494256671053,0.5728995,0.573,0.55572623,0.5520395941375584,0.024647041869383712,0.01727376985549922,0.020960405862441522,1.7187532807202048
102,Chicago Bulls,2022-23,2023-24,0.6844512195121951,0.476,0.5580457135310101,39.032,45.759748509542824,6.7277485095428275,0.5473666769054595,44.884067506247675,0.56077164,0.476,0.54359835,0.545482515384111,0.0713666769054595,0.06759835386276247,0.06948251538411099,5.697566261497101
103,LA Clippers,2022-23,2023-24,0.6097560975609756,0.622,0.5571474149898384,51.004,45.686088029166754,-5.317911970833244,0.5464683783642879,44.810407025871605,0.57047486,0.622,0.5533016,0.5498849755819852,0.07553162163571214,0.06869842720031738,0.07211502441801476,5.913432002277211
104,Minnesota Timberwolves,2022-23,2023-24,0.6768292682926829,0.683,0.5502314487790334,56.00600000000001,45.118978799880736,-10.887021200119271,0.5395524121534828,44.243297796585594,0.56281155,0.683,0.54563826,0.5425953376895192,0.14344758784651723,0.13736173677444463,0.14040466231048088,11.513182309459431
105,Golden State Warriors,2022-23,2023-24,0.6478658536585367,0.561,0.5341552454612873,46.002,43.80073012782556,-2.201269872174443,0.5234762088357368,42.92504912453042,0.5565761,0.561,0.5394028,0.5314394958763797,0.0375237911642633,0.02159721708297735,0.029560504123620324,2.4239613381368663
106,Atlanta Hawks,2022-23,2023-24,0.6996951219512195,0.439,0.5157801693592732,35.998,42.2939738874604,6.295973887460406,0.5051011327337226,41.418292884165254,0.54155296,0.439,0.5243797,0.5147404016768435,0.06610113273372259,0.0853796706199646,0.07574040167684354,6.21071293750117
107,Dallas Mavericks,2022-23,2023-24,0.5640243902439025,0.61,0.507765258904931,50.019999999999996,41.63675123020434,-8.383248769795657,0.4970862222793804,40.76107022690919,0.49780107,0.61,0.48062778,0.48885699873582056,0.11291377772061961,0.12937222480773924,0.12114300126417943,9.933726103662714
108,Utah Jazz,2022-23,2023-24,0.5503048780487805,0.378,0.5065155371752578,30.996,41.53427404837114,10.53827404837114,0.4958365005497072,40.65859304507599,0.53172606,0.378,0.5145528,0.5051946362974213,0.11783650054970718,0.1365527720451355,0.12719463629742134,10.42996017638855
109,Orlando Magic,2022-23,2023-24,0.7012195121951219,0.573,0.4912305970348145,46.986,40.28090895685479,-6.7050910431452095,0.4805515604092639,39.40522795355964,0.5050164,0.573,0.4878431,0.48419732833275997,0.09244843959073606,0.08515690374374385,0.08880267166723999,7.281819076713679
110,Indiana Pacers,2022-23,2023-24,0.6341463414634145,0.573,0.4816233609630244,46.986,39.493115598968,-7.492884401032001,0.4709443243374738,38.617434595672854,0.49853218,0.573,0.4813589,0.47615160505127474,0.10205567566252616,0.09164111423492427,0.09684839494872521,7.941568385795468
111,Brooklyn Nets,2022-23,2023-24,0.448170731707317,0.39,0.4808215511053524,31.98,39.4273671906389,7.4473671906388965,0.4701425144798018,38.55168618734375,0.5075442,0.39,0.49037093,0.4802567218604911,0.08014251447980181,0.1003709292411804,0.09025672186049111,7.401051192560271
112,Miami Heat,2022-23,2023-24,0.3612804878048781,0.561,0.4751250512005495,46.002,38.96025419844506,-7.041745801554946,0.4644460145749989,38.08457319514991,0.48636654,0.561,0.46919325,0.46681963225793555,0.09655398542500115,0.09180675005912786,0.09418036774206451,7.72279015484929
113,Houston Rockets,2022-23,2023-24,0.46951219512195125,0.5,0.4466198462219216,41.0,36.62282739019757,-4.377172609802429,0.435940809596371,35.74714638690242,0.4221103,0.5,0.404937,0.4204389043394682,0.06405919040362901,0.09506300091743469,0.07956109566053182,6.52400984416361
114,Toronto Raptors,2022-23,2023-24,0.3521341463414634,0.305,0.44050947787923106,25.009999999999998,36.12177718609695,11.111777186096951,0.4298304412536805,35.2460961828018,0.41366193,0.305,0.39648864,0.41315953899289093,0.12483044125368048,0.09148863673210145,0.10815953899289094,8.869082197417058
115,San Antonio Spurs,2022-23,2023-24,0.6585365853658537,0.268,0.3797090444648302,21.976000000000003,31.13614164611608,9.160141646116077,0.36903000783927964,30.26046064282093,0.42237177,0.268,0.40519848,0.3871142462492373,0.10103000783927962,0.13719848465919493,0.11911424624923728,9.767368192437457
116,Washington Wizards,2022-23,2023-24,0.3429878048780488,0.183,0.36464817766799823,15.006,29.901150568775854,14.895150568775854,0.35396914104244764,29.025469565480705,0.33714393,0.183,0.31997064,0.3369698893011692,0.17096914104244765,0.13697063755989075,0.15396988930116923,12.625530922695877
117,Detroit Pistons,2022-23,2023-24,0.47408536585365857,0.171,0.3569733989688045,14.022,29.271818715441967,15.249818715441966,0.3462943623432539,28.396137712146817,0.34626114,0.171,0.32908785,0.3376911078874778,0.17529436234325388,0.15808785343170165,0.1666911078874778,13.668670846773178
118,Portland Trail Blazers,2022-23,2023-24,0.15243902439024393,0.256,0.32209560200601933,20.992,26.411839364493584,5.419839364493583,0.31141656538046875,25.53615836119844,0.33900508,0.256,0.3218318,0.31662417898673556,0.05541656538046874,0.06583179259300231,0.060624178986735555,4.971182676912315
119,Charlotte Hornets,2022-23,2023-24,0.0625,0.256,0.3195070992342629,20.992,26.199582137209557,5.207582137209556,0.3088280626087123,25.32390113391441,0.32357466,0.256,0.30640137,0.30761471728229195,0.05282806260871231,0.05040137195587158,0.051614717282291944,4.23240681714794
120,Boston Celtics,2023-24,2024-25,0.801829268292683,0.744,0.780613983725537,61.008,64.01034666549404,3.002346665494038,0.7665978660857174,62.86102501902883,0.7516756,0.744,0.7298841,0.7482409770625578,0.022597866085717455,0.014115911960601801,0.004240977062557771,0.34776011912973726
121,Oklahoma City Thunder,2023-24,2024-25,0.4817073170731707,0.829,0.7082819878830207,67.978,58.07912300640769,-9.898876993592303,0.6942658702432011,56.92980135994249,0.6918399,0.829,0.67004836,0.6821571131497073,0.13473412975679888,0.15895164394378658,0.14684288685029268,12.041116721723998
122,Minnesota Timberwolves,2023-24,2024-25,0.7103658536585366,0.598,0.6627564842291731,49.036,54.346031706792196,5.310031706792195,0.6487403665893535,53.196710060326986,0.65220577,0.598,0.63041425,0.6395773070510855,0.05074036658935355,0.03241424751281741,0.04157730705108553,3.409339178189014
123,Orlando Magic,2023-24,2024-25,0.4375,0.5,0.5994681692552637,41.0,49.15638987893162,8.15638987893162,0.5854520516154441,48.007068232466416,0.5870412,0.5,0.5652497,0.5753508665441112,0.08545205161544411,0.06524968147277832,0.07535086654411116,6.178771056617116
124,Indiana Pacers,2023-24,2024-25,0.8582317073170732,0.61,0.5972700584898303,50.019999999999996,48.97614479616608,-1.043855203833914,0.5832539408500107,47.82682314970088,0.6086914,0.61,0.5868999,0.5850769087222771,0.026746059149989287,0.02310012340545653,0.024923091277722853,2.043693484773274
125,Houston Rockets,2023-24,2024-25,0.8033536585365854,0.634,0.5912867947356314,51.988,48.48551716832178,-3.502482831678222,0.5772706770958118,47.33619552185657,0.5712716,0.634,0.5494801,0.5633753788501825,0.056729322904188195,0.08451991939544679,0.07062462114981749,5.791218934285034
126,Cleveland Cavaliers,2023-24,2024-25,0.6158536585365854,0.78,0.5862318249870079,63.96,48.07100964893465,-15.888990351065353,0.5722157073471883,46.92168800246944,0.5854773,0.78,0.5636858,0.567950741075175,0.20778429265281173,0.2163142251968384,0.21204925892482507,17.388039231835656
127,Denver Nuggets,2023-24,2024-25,0.6280487804878048,0.61,0.5801654018293547,50.019999999999996,47.57356295000709,-2.446437049992909,0.5661492841895351,46.42424130354188,0.5919023,0.61,0.5701108,0.5681300410358077,0.043850715810464846,0.03988920211791991,0.04186995896419232,3.43333663506377
128,Golden State Warriors,2023-24,2024-25,0.4923780487804878,0.585,0.5668348517208559,47.97,46.48045784111019,-1.4895421588898117,0.5528187340810363,45.33113619464498,0.5807462,0.585,0.55895466,0.5558866951025756,0.03218126591896364,0.026045343875884974,0.029113304897424364,2.387291001588798
129,New York Knicks,2023-24,2024-25,0.35518292682926833,0.622,0.562046347217713,51.004,46.08780047185246,-4.916199528147537,0.5480302295778934,44.93847882538726,0.57588035,0.622,0.55408883,0.5510595302628847,0.07396977042210662,0.06791116905212402,0.07094046973711532,5.817118518443456
130,Milwaukee Bucks,2023-24,2024-25,0.4496951219512195,0.585,0.5607842415010615,47.97,45.98430780308705,-1.9856921969129502,0.546768123861242,44.83498615662184,0.5755247,0.585,0.55373317,0.5502506469468715,0.038231876138758,0.031266829967498744,0.03474935305312843,2.849446950356531
131,New Orleans Pelicans,2023-24,2024-25,0.2423780487804878,0.256,0.5565904295527172,20.992,45.64041522332281,24.64841522332281,0.5425743119128976,44.49109357685761,0.5728866,0.256,0.55109507,0.54683469018382,0.2865743119128976,0.2950950684547424,0.29083469018382,23.848444595073243
132,Phoenix Suns,2023-24,2024-25,0.5015243902439025,0.439,0.5512399328074494,35.998,45.201674490210856,9.203674490210858,0.5372238151676298,44.052352843745645,0.56191474,0.439,0.5401232,0.5386735197130263,0.09822381516762985,0.10112322425842285,0.09967351971302635,8.17322861646816
133,Sacramento Kings,2023-24,2024-25,0.5487804878048781,0.488,0.5494354961729908,40.016,45.05371068618525,5.03771068618525,0.5354193785331712,43.904389039720044,0.56267095,0.488,0.5408794,0.5381494034599297,0.04741937853317124,0.05287942838668824,0.05014940345992969,4.112251083714234
134,LA Clippers,2023-24,2024-25,0.5,0.61,0.5443292121829775,50.019999999999996,44.634995399004154,-5.385004600995842,0.5303130945431579,43.48567375253895,0.5595898,0.61,0.5377983,0.5340556900137359,0.0796869054568421,0.07220171451568602,0.07594430998626411,6.227433418873657
135,Philadelphia 76ers,2023-24,2024-25,0.2530487804878049,0.293,0.5335196376990847,24.026,43.74861029132495,19.72261029132495,0.5195035200592651,42.59928864485974,0.55561954,0.293,0.533828,0.5266657700775452,0.22650352005926516,0.2408280200958252,0.23366577007754524,19.16059314635871
136,Dallas Mavericks,2023-24,2024-25,0.30487804878048774,0.476,0.5330190723703766,39.032,43.70756393437088,4.675563934370885,0.519002954730557,42.55824228790568,0.5550563,0.476,0.53326476,0.5261338554666274,0.04300295473055704,0.057264756202697775,0.05013385546662741,4.110976148263448
137,Los Angeles Lakers,2023-24,2024-25,0.3582317073170732,0.61,0.4942040288748468,50.019999999999996,40.52473036773744,-9.495269632262556,0.48018791123502724,39.37540872127224,0.5205124,0.61,0.49872088,0.4894543977790737,0.12981208876497274,0.11127911567687987,0.1205456022209263,9.884739382115956
138,Miami Heat,2023-24,2024-25,0.5594512195121951,0.451,0.4912684650507968,36.982,40.28401413416534,3.30201413416534,0.4772523474109772,39.13469248770013,0.5261762,0.451,0.5043847,0.49081852194729464,0.026252347410977206,0.05338469648361205,0.03981852194729463,3.2651187996781594
139,San Antonio Spurs,2023-24,2024-25,0.5640243902439024,0.415,0.4860639386128115,34.03,39.857242966250546,5.8272429662505445,0.4720478209729919,38.707921319785335,0.5375049,0.415,0.5157134,0.4938806073305969,0.057047820972991936,0.10071339368820192,0.07888060733059693,6.468209801108948
140,Detroit Pistons,2023-24,2024-25,0.5853658536585367,0.537,0.46553491376269934,44.034000000000006,38.17386292854135,-5.860137071458659,0.45151879612287976,37.02454128207614,0.46808735,0.537,0.44629583,0.44890731187503086,0.08548120387712027,0.09070417237281803,0.08809268812496918,7.223600426247472
141,Utah Jazz,2023-24,2024-25,0.4801829268292683,0.207,0.42465277999909534,16.974,34.82152795992582,17.847527959925817,0.41063666235927576,33.67220631346061,0.4558456,0.207,0.43405408,0.42234536951543805,0.20363666235927577,0.22705407667160035,0.21534536951543806,17.65832030026592
142,Brooklyn Nets,2023-24,2024-25,0.23170731707317072,0.317,0.4186020806796048,25.994,34.32537061572759,8.331370615727593,0.4045859630397852,33.17604896926239,0.40094098,0.317,0.37914947,0.3918677148963956,0.08758596303978522,0.06214946675300598,0.0748677148963956,6.139152621504439
143,Toronto Raptors,2023-24,2024-25,0.40701219512195125,0.366,0.40848513739489056,30.012,33.49578126638102,3.4837812663810226,0.394469019755071,32.34645961991582,0.40137252,0.366,0.379581,0.3870250120681254,0.02846901975507099,0.013581004381179818,0.021025012068125404,1.7240509895862832
144,Chicago Bulls,2023-24,2024-25,0.3902439024390244,0.476,0.40772898832863763,39.032,33.433777042948286,-5.598222957051711,0.39371287068881805,32.28445539648308,0.4168527,0.476,0.3950612,0.394387032792758,0.08228712931118193,0.08093880510330198,0.08161296720724198,6.692263310993843
145,Atlanta Hawks,2023-24,2024-25,0.3673780487804878,0.488,0.383921866950147,40.016,31.481593089912057,-8.534406910087942,0.36990574931032744,30.33227144344685,0.34512758,0.488,0.32333606,0.34662090706292437,0.11809425068967255,0.16466393518447875,0.14137909293707562,11.593085620840201
146,Memphis Grizzlies,2023-24,2024-25,0.47256097560975613,0.585,0.35650114198872485,47.97,29.23309364307544,-18.73690635692456,0.34248502434890526,28.08377199661023,0.36849853,0.585,0.34670702,0.3445960202892674,0.2425149756510947,0.23829298377037045,0.24040397971073257,19.71312633628007
147,Washington Wizards,2023-24,2024-25,0.28658536585365857,0.22,0.35207957368848797,18.04,28.870525042456013,10.830525042456014,0.3380634560486684,27.72120339599081,0.3349842,0.22,0.3131927,0.3256280757139628,0.11806345604866839,0.0931926953792572,0.1056280757139628,8.661502208544949
148,Charlotte Hornets,2023-24,2024-25,0.32164634146341464,0.232,0.33690205561473885,19.024,27.625968560408587,8.601968560408586,0.32288593797491927,26.47664691394338,0.36728477,0.232,0.34549326,0.33418959751033256,0.09088593797491926,0.11349325704574584,0.10218959751033255,8.379546995847269
149,Portland Trail Blazers,2023-24,2024-25,0.6600609756097561,0.439,0.3306646318890591,35.998,27.114499814902846,-8.883500185097152,0.3166485142492395,25.96517816843764,0.37056375,0.439,0.34877223,0.33271037100668455,0.12235148575076049,0.09022777223587036,0.10628962899331545,8.715749577451867
