PLAYER_ID,PLAYER_NAME,TEAM_ID,OLD_SEASON,NEW_SEASON
1629123,Jared Terrell,1610612750,2017-18,2018-19
1628966,Keita Bates-Diop,1610612750,2017-18,2018-19
1629006,Josh Okogie,1610612750,2017-18,2018-19
1628249,Mitchell Creek,1610612750,2017-18,2018-19
1629244,Cam Reynolds,1610612750,2017-18,2018-19
1628515,Isaiah Briscoe,1610612753,2017-18,2018-19
1628964,Mo Bamba,1610612753,2017-18,2018-19
1628518,Amile Jefferson,1610612753,2017-18,2018-19
1628982,Melvin Frazier Jr.,1610612753,2017-18,2018-19
1628505,Troy Caupain,1610612753,2017-18,2018-19
1628961,Kostas Antetokounmpo,1610612742,2017-18,2018-19
1629029,Luka Dončić,1610612742,2017-18,2018-19
1629133,Daryl Macon,1610612742,2017-18,2018-19
1628973,Jalen Brunson,1610612742,2017-18,2018-19
1629151,Ryan Broekhoff,1610612742,2017-18,2018-19
1629185,Chris Chiozza,1610612745,2017-18,2018-19
1628392,Isaiah Hartenstein,1610612745,2017-18,2018-19
1628979,Trevon Duval,1610612745,2017-18,2018-19
203093,Terrence Jones,1610612745,2017-18,2018-19
1629109,Gary Clark,1610612745,2017-18,2018-19
1629053,Vincent Edwards,1610612745,2017-18,2018-19
203263,James Nunnally,1610612745,2017-18,2018-19
1629057,Robert Williams III,1610612738,2017-18,2018-19
202954,Brad Wanamaker,1610612738,2017-18,2018-19
1628993,Alize Johnson,1610612754,2017-18,2018-19
1628988,Aaron Holiday,1610612754,2017-18,2018-19
203552,Seth Curry,1610612757,2017-18,2018-19
1629018,Gary Trent Jr.,1610612757,2017-18,2018-19
1629014,Anfernee Simons,1610612757,2017-18,2018-19
202690,Jimmer Fredette,1610612756,2017-18,2018-19
1629059,Elie Okobo,1610612756,2017-18,2018-19
1629028,Deandre Ayton,1610612756,2017-18,2018-19
1628994,George King,1610612756,2017-18,2018-19
1629001,De'Anthony Melton,1610612756,2017-18,2018-19
1628969,Mikal Bridges,1610612756,2017-18,2018-19
1629034,Ray Spalding,1610612756,2017-18,2018-19
1628960,Grayson Allen,1610612762,2017-18,2018-19
1628977,Hamidou Diallo,1610612760,2017-18,2018-19
1629093,Tyler Davis,1610612760,2017-18,2018-19
1629126,Deonte Burton,1610612760,2017-18,2018-19
1629055,Donte Grantham,1610612760,2017-18,2018-19
1629067,Isaac Bonga,1610612747,2017-18,2018-19
1629203,Jemerrio Jones,1610612747,2017-18,2018-19
1629140,Johnathan Williams,1610612747,2017-18,2018-19
203159,Scott Machado,1610612747,2017-18,2018-19
1629021,Moritz Wagner,1610612747,2017-18,2018-19
1628070,Jordan Loyd,1610612761,2017-18,2018-19
1628769,Tahjere McCall,1610612751,2017-18,2018-19
1629058,Dzanan Musa,1610612751,2017-18,2018-19
1629033,Theo Pinson,1610612751,2017-18,2018-19
1629066,Rodions Kurucs,1610612751,2017-18,2018-19
1629312,Haywood Highsmith,1610612755,2017-18,2018-19
1629003,Shake Milton,1610612755,2017-18,2018-19
1628413,Jonah Bolden,1610612755,2017-18,2018-19
1629015,Zhaire Smith,1610612755,2017-18,2018-19
1629155,Zach Lofton,1610612765,2017-18,2018-19
1628971,Bruce Brown,1610612765,2017-18,2018-19
203564,Kalin Lucas,1610612765,2017-18,2018-19
1629004,Svi Mykhailiuk,1610612765,2017-18,2018-19
1629017,Khyri Thomas,1610612765,2017-18,2018-19
1628980,Jacob Evans,1610612744,2017-18,2018-19
1629094,Marcus Derrickson,1610612744,2017-18,2018-19
1627395,Julian Washburn,1610612763,2017-18,2018-19
1628975,Jevon Carter,1610612763,2017-18,2018-19
203474,DJ Stephens,1610612763,2017-18,2018-19
1629139,Yuta Watanabe,1610612763,2017-18,2018-19
1628605,Dusty Hannahs,1610612763,2017-18,2018-19
1628991,Jaren Jackson Jr.,1610612763,2017-18,2018-19
1629121,Jaylen Adams,1610612737,2017-18,2018-19
1629027,Trae Young,1610612737,2017-18,2018-19
1629353,Isaac Humphries,1610612737,2017-18,2018-19
1629016,Omari Spellman,1610612737,2017-18,2018-19
1628989,Kevin Huerter,1610612737,2017-18,2018-19
1626296,Jordan Sibert,1610612737,2017-18,2018-19
202688,Brandon Knight,1610612739,2017-18,2018-19
1628417,Jaron Blossomgame,1610612739,2017-18,2018-19
1629012,Collin Sexton,1610612739,2017-18,2018-19
1629061,Deng Adel,1610612739,2017-18,2018-19
1628402,Frank Jackson,1610612740,2017-18,2018-19
1629026,Kenrich Williams,1610612740,2017-18,2018-19
1629541,Dairis Bertans,1610612740,2017-18,2018-19
1626174,Christian Wood,1610612740,2017-18,2018-19
1628976,Wendell Carter Jr.,1610612741,2017-18,2018-19
1628959,Rawle Alkins,1610612741,2017-18,2018-19
1629102,Brandon Sampson,1610612741,2017-18,2018-19
1628990,Chandler Hutchison,1610612741,2017-18,2018-19
1629010,Jerome Robinson,1610612746,2017-18,2018-19
1629116,Angel Delgado,1610612746,2017-18,2018-19
1629013,Landry Shamet,1610612746,2017-18,2018-19
1628983,Shai Gilgeous-Alexander,1610612746,2017-18,2018-19
1629130,Duncan Robinson,1610612748,2017-18,2018-19
1629150,Emanuel Terry,1610612748,2017-18,2018-19
1628999,Yante Maten,1610612748,2017-18,2018-19
1629168,BJ Johnson,1610612758,2017-18,2018-19
1628385,Harry Giles III,1610612758,2017-18,2018-19
1628963,Marvin Bagley III,1610612758,2017-18,2018-19
1626184,Chasson Randle,1610612764,2017-18,2018-19
1628972,Troy Brown Jr.,1610612764,2017-18,2018-19
203895,Jordan McRae,1610612764,2017-18,2018-19
1628978,Donte DiVincenzo,1610612749,2017-18,2018-19
1629045,Bonzie Colson,1610612749,2017-18,2018-19
1629022,Lonnie Walker IV,1610612759,2017-18,2018-19
1629002,Chimezie Metu,1610612759,2017-18,2018-19
202700,Donatas Motiejunas,1610612759,2017-18,2018-19
1629234,Drew Eubanks,1610612759,2017-18,2018-19
1628984,Devonte' Graham,1610612766,2017-18,2018-19
1629122,J.P. Macura,1610612766,2017-18,2018-19
1629147,Joe Chealey,1610612766,2017-18,2018-19
1628970,Miles Bridges,1610612766,2017-18,2018-19
1628995,Kevin Knox II,1610612752,2017-18,2018-19
1628656,Billy Garrett,1610612752,2017-18,2018-19
1629011,Mitchell Robinson,1610612752,2017-18,2018-19
203098,John Jenkins,1610612752,2017-18,2018-19
1629019,Allonzo Trier,1610612752,2017-18,2018-19
1629152,DeVaughn Akoon-Purcell,1610612743,2017-18,2018-19
1629164,Brandon Goodwin,1610612743,2017-18,2018-19
1629118,Thomas Welsh,1610612743,2017-18,2018-19
1629020,Jarred Vanderbilt,1610612743,2017-18,2018-19
203705,Josh Magette,1610612753,2018-19,2019-20
1629724,Vic Law,1610612753,2018-19,2019-20
1628968,Brian Bowen II,1610612754,2018-19,2019-20
1629048,Goga Bitadze,1610612754,2018-19,2019-20
203460,Andre Roberson,1610612760,2018-19,2019-20
1629676,Isaiah Roby,1610612760,2018-19,2019-20
1629647,Darius Bazley,1610612760,2018-19,2019-20
1629652,Luguentz Dort,1610612760,2018-19,2019-20
1628985,Devon Hall,1610612760,2018-19,2019-20
1628987,Kevin Hervey,1610612760,2018-19,2019-20
1629605,Tacko Fall,1610612738,2018-19,2019-20
1629641,Romeo Langford,1610612738,2018-19,2019-20
1629738,Vincent Poirier,1610612738,2018-19,2019-20
1629035,Carsen Edwards,1610612738,2018-19,2019-20
1629682,Tremont Waters,1610612738,2018-19,2019-20
1629684,Grant Williams,1610612738,2018-19,2019-20
1629750,Javonte Green,1610612738,2018-19,2019-20
1629650,Moses Brown,1610612757,2018-19,2019-20
1629642,Nassir Little,1610612757,2018-19,2019-20
1629658,Jaylen Hoard,1610612757,2018-19,2019-20
1629117,Wenyen Gabriel,1610612757,2018-19,2019-20
1629651,Nic Claxton,1610612751,2018-19,2019-20
1629725,Jeremiah Martin,1610612751,2018-19,2019-20
1629743,Donta Hall,1610612751,2018-19,2019-20
1629610,DaQuan Jeffries,1610612758,2018-19,2019-20
1629713,Justin James,1610612758,2018-19,2019-20
1628450,Eric Mika,1610612758,2018-19,2019-20
1629657,Kyle Guy,1610612758,2018-19,2019-20
1629659,Talen Horton-Tucker,1610612747,2018-19,2019-20
1629719,Devontae Cacok,1610612747,2018-19,2019-20
1629631,De'Andre Hunter,1610612737,2018-19,2019-20
1628981,Bruno Fernando,1610612737,2018-19,2019-20
1629718,Charlie Brown Jr.,1610612737,2018-19,2019-20
1629629,Cam Reddish,1610612737,2018-19,2019-20
1629346,Alen Smailagic,1610612744,2018-19,2019-20
1629668,Zach Norvell Jr.,1610612744,2018-19,2019-20
202951,Jeremy Pargo,1610612744,2018-19,2019-20
1629672,Eric Paschall,1610612744,2018-19,2019-20
1629673,Jordan Poole,1610612744,2018-19,2019-20
1629065,Ky Bowman,1610612744,2018-19,2019-20
1628539,Mychal Mulder,1610612744,2018-19,2019-20
1629308,Juan Toscano-Anderson,1610612744,2018-19,2019-20
1629649,Ignas Brazdeikis,1610612752,2018-19,2019-20
1629628,RJ Barrett,1610612752,2018-19,2019-20
1629607,Jared Harper,1610612752,2018-19,2019-20
1629680,Matisse Thybulle,1610612755,2018-19,2019-20
203658,Norvel Pelle,1610612755,2018-19,2019-20
1629621,Marial Shayok,1610612755,2018-19,2019-20
1629648,Jordan Bone,1610612765,2018-19,2019-20
1629635,Sekou Doumbouya,1610612765,2018-19,2019-20
1628476,Derrick Walton Jr.,1610612765,2018-19,2019-20
1629663,Louis King,1610612765,2018-19,2019-20
1629637,Jaxson Hayes,1610612740,2018-19,2019-20
1629638,Nickeil Alexander-Walker,1610612740,2018-19,2019-20
1629740,Nicolo Melli,1610612740,2018-19,2019-20
1627982,Josh Gray,1610612740,2018-19,2019-20
1629627,Zion Williamson,1610612740,2018-19,2019-20
1629597,Zylan Cheatham,1610612740,2018-19,2019-20
1629633,Jarrett Culver,1610612750,2018-19,2019-20
1629669,Jaylen Nowell,1610612750,2018-19,2019-20
1629162,Jordan McLaughlin,1610612750,2018-19,2019-20
1629675,Naz Reid,1610612750,2018-19,2019-20
1629103,Kelan Martin,1610612750,2018-19,2019-20
1629611,Terance Mann,1610612746,2018-19,2019-20
1629662,Mfiondu Kabengele,1610612746,2018-19,2019-20
1629599,Amir Coffey,1610612746,2018-19,2019-20
1629760,Matt Mooney,1610612739,2018-19,2019-20
1629731,Dean Wade,1610612739,2018-19,2019-20
1629636,Darius Garland,1610612739,2018-19,2019-20
1629005,Malik Newman,1610612739,2018-19,2019-20
1629645,Kevin Porter Jr.,1610612739,2018-19,2019-20
1629716,Marques Bolden,1610612739,2018-19,2019-20
1629632,Coby White,1610612741,2018-19,2019-20
1627756,Denzel Valentine,1610612741,2018-19,2019-20
1629622,Max Strus,1610612741,2018-19,2019-20
1629655,Daniel Gafford,1610612741,2018-19,2019-20
1629690,Adam Mokoka,1610612741,2018-19,2019-20
1626187,Michael Frazier II,1610612745,2018-19,2019-20
1629739,William Howard,1610612745,2018-19,2019-20
1629598,Chris Clemons,1610612745,2018-19,2019-20
1629634,Brandon Clarke,1610612763,2018-19,2019-20
1629723,John Konchar,1610612763,2018-19,2019-20
1629741,Marko Guduric,1610612763,2018-19,2019-20
1629630,Ja Morant,1610612763,2018-19,2019-20
1629216,Gabe Vincent,1610612748,2018-19,2019-20
1629734,Kyle Alexander,1610612748,2018-19,2019-20
1629639,Tyler Herro,1610612748,2018-19,2019-20
1629735,Chris Silva,1610612748,2018-19,2019-20
1629644,KZ Okpala,1610612748,2018-19,2019-20
1629134,Kendrick Nunn,1610612748,2018-19,2019-20
1629667,Jalen McDaniels,1610612766,2018-19,2019-20
1628997,Caleb Martin,1610612766,2018-19,2019-20
1628998,Cody Martin,1610612766,2018-19,2019-20
1629023,P.J. Washington,1610612766,2018-19,2019-20
1629060,Rui Hachimura,1610612764,2018-19,2019-20
1627784,Jarrod Uthoff,1610612764,2018-19,2019-20
1628394,Anžejs Pasečņiks,1610612764,2018-19,2019-20
1629678,Admiral Schofield,1610612764,2018-19,2019-20
1629620,Justin Robinson,1610612764,2018-19,2019-20
1629726,Garrison Mathews,1610612764,2018-19,2019-20
203648,Thanasis Antetokounmpo,1610612749,2018-19,2019-20
1629008,Michael Porter Jr.,1610612743,2018-19,2019-20
1629626,Bol Bol,1610612743,2018-19,2019-20
1628427,Vlatko Čančar,1610612743,2018-19,2019-20
1629076,Tyler Cook,1610612743,2018-19,2019-20
1629640,Keldon Johnson,1610612759,2018-19,2019-20
1629677,Luka Samanic,1610612759,2018-19,2019-20
1629683,Quinndary Weatherspoon,1610612759,2018-19,2019-20
1627749,Dejounte Murray,1610612759,2018-19,2019-20
1629056,Terence Davis,1610612761,2018-19,2019-20
1629608,Dewan Hernandez,1610612761,2018-19,2019-20
1628778,Paul Watson,1610612761,2018-19,2019-20
1629744,Matt Thomas,1610612761,2018-19,2019-20
1629044,Shamorie Ponds,1610612761,2018-19,2019-20
1629052,Oshae Brissett,1610612761,2018-19,2019-20
1629729,Josh Reaves,1610612742,2018-19,2019-20
1628499,Antonius Cleveland,1610612742,2018-19,2019-20
204001,Kristaps Porziņģis,1610612742,2018-19,2019-20
1629730,Rayjon Tucker,1610612762,2018-19,2019-20
1629671,Miye Oni,1610612762,2018-19,2019-20
1629742,Stanton Kidd,1610612762,2018-19,2019-20
1628430,Nigel Williams-Goss,1610612762,2018-19,2019-20
1629714,Jarrell Brantley,1610612762,2018-19,2019-20
1629752,Juwan Morgan,1610612762,2018-19,2019-20
1629625,Justin Wright-Foreman,1610612762,2018-19,2019-20
1629665,Jalen Lecque,1610612756,2018-19,2019-20
1629660,Ty Jerome,1610612756,2018-19,2019-20
1629661,Cameron Johnson,1610612756,2018-19,2019-20
1629745,Tariq Owens,1610612756,2018-19,2019-20
1630211,Karim Mane,1610612753,2019-20,2020-21
1630181,R.J. Hampton,1610612753,2019-20,2020-21
1629606,Robert Franks,1610612753,2019-20,2020-21
1629962,Devin Cannady,1610612753,2019-20,2020-21
1629643,Chuma Okeke,1610612753,2019-20,2020-21
1630175,Cole Anthony,1610612753,2019-20,2020-21
1628578,Amida Brimah,1610612754,2019-20,2020-21
1630199,Cassius Stanley,1610612754,2019-20,2020-21
1630177,Theo Maledon,1610612760,2019-20,2020-21
1630466,Gabriel Deck,1610612760,2019-20,2020-21
1630221,Josh Hall,1610612760,2019-20,2020-21
203121,Darius Miller,1610612760,2019-20,2020-21
1630197,Aleksej Pokusevski,1610612760,2019-20,2020-21
1630172,Patrick Williams,1610612741,2019-20,2020-21
1629653,Devon Dotson,1610612741,2019-20,2020-21
1630216,Cassius Winston,1610612764,2019-20,2020-21
1630264,Anthony Gill,1610612764,2019-20,2020-21
1630166,Deni Avdija,1610612764,2019-20,2020-21
1630178,Tyrese Maxey,1610612755,2019-20,2020-21
1630222,Mason Jones,1610612755,2019-20,2020-21
1630194,Paul Reed,1610612755,2019-20,2020-21
1630198,Isaiah Joe,1610612755,2019-20,2020-21
1629751,Dakota Mathias,1610612755,2019-20,2020-21
1630185,Nico Mannion,1610612744,2019-20,2020-21
1630164,James Wiseman,1610612744,2019-20,2020-21
1630169,Tyrese Haliburton,1610612758,2019-20,2020-21
1630218,Robert Woodard II,1610612758,2019-20,2020-21
1630186,Jahmi'us Ramsey,1610612758,2019-20,2020-21
2760,Anderson Varejao,1610612739,2019-20,2020-21
1629685,Dylan Windler,1610612739,2019-20,2020-21
1630171,Isaac Okoro,1610612739,2019-20,2020-21
1630205,Lamar Stevens,1610612739,2019-20,2020-21
1630271,Brodric Thomas,1610612739,2019-20,2020-21
1630162,Anthony Edwards,1610612750,2019-20,2020-21
1630204,Ashton Hagans,1610612750,2019-20,2020-21
1630183,Jaden McDaniels,1610612750,2019-20,2020-21
1630193,Immanuel Quickley,1610612752,2019-20,2020-21
1630167,Obi Toppin,1610612752,2019-20,2020-21
1630206,Jay Scrubb,1610612746,2019-20,2020-21
1630187,Daniel Oturu,1610612746,2019-20,2020-21
202326,DeMarcus Cousins,1610612746,2019-20,2020-21
1630238,Malik Fitts,1610612746,2019-20,2020-21
1630173,Precious Achiuwa,1610612748,2019-20,2020-21
1629833,Keljin Blevins,1610612757,2019-20,2020-21
1629604,CJ Elleby,1610612757,2019-20,2020-21
1630214,Xavier Tillman,1610612763,2019-20,2020-21
1630217,Desmond Bane,1610612763,2019-20,2020-21
1630253,Sean McDermott,1610612763,2019-20,2020-21
1629007,Jontay Porter,1610612763,2019-20,2020-21
1629681,Killian Tillie,1610612763,2019-20,2020-21
1630179,Tyrell Terry,1610612742,2019-20,2020-21
1630189,Tyler Bey,1610612742,2019-20,2020-21
1630182,Josh Green,1610612742,2019-20,2020-21
1630207,Nate Hinton,1610612742,2019-20,2020-21
1630234,Ty-Shon Alexander,1610612756,2019-20,2020-21
1630188,Jalen Smith,1610612756,2019-20,2020-21
1628419,Cameron Oliver,1610612745,2019-20,2020-21
1629034,Ray Spalding,1610612745,2019-20,2020-21
1630256,Jae'Sean Tate,1610612745,2019-20,2020-21
202322,John Wall,1610612745,2019-20,2020-21
1629717,Armoni Brooks,1610612745,2019-20,2020-21
1630231,KJ Martin,1610612745,2019-20,2020-21
1629244,Cam Reynolds,1610612745,2019-20,2020-21
1630237,Anthony Lamb,1610612745,2019-20,2020-21
1630208,Nick Richards,1610612766,2019-20,2020-21
1630176,Vernon Carey Jr.,1610612766,2019-20,2020-21
1630163,LaMelo Ball,1610612766,2019-20,2020-21
1630203,Grant Riller,1610612766,2019-20,2020-21
1630268,Nate Darling,1610612766,2019-20,2020-21
1630240,Saben Lee,1610612765,2019-20,2020-21
1630180,Saddiq Bey,1610612765,2019-20,2020-21
1630191,Isaiah Stewart,1610612765,2019-20,2020-21
1630165,Killian Hayes,1610612765,2019-20,2020-21
1629686,Deividas Sirvydis,1610612765,2019-20,2020-21
1628962,Udoka Azubuike,1610612762,2019-20,2020-21
1630235,Trent Forrest,1610612762,2019-20,2020-21
1630190,Elijah Hughes,1610612762,2019-20,2020-21
1630192,Zeke Nnaji,1610612743,2019-20,2020-21
1630210,Markus Howard,1610612743,2019-20,2020-21
1630267,Facundo Campazzo,1610612743,2019-20,2020-21
204222,Greg Whittington,1610612743,2019-20,2020-21
1630202,Payton Pritchard,1610612738,2019-20,2020-21
1630174,Aaron Nesmith,1610612738,2019-20,2020-21
1630168,Onyeka Okongwu,1610612737,2019-20,2020-21
1630233,Nathan Knight,1610612737,2019-20,2020-21
1630219,Skylar Mays,1610612737,2019-20,2020-21
1630184,Kira Lewis Jr.,1610612740,2019-20,2020-21
1629712,Didi Louzada,1610612740,2019-20,2020-21
1630230,Naji Marshall,1610612740,2019-20,2020-21
1630266,Will Magnay,1610612740,2019-20,2020-21
203263,James Nunnally,1610612740,2019-20,2020-21
1630241,Sam Merrill,1610612749,2019-20,2020-21
1629121,Jaylen Adams,1610612749,2019-20,2020-21
1629091,Elijah Bryant,1610612749,2019-20,2020-21
1629603,Mamadi Diakite,1610612749,2019-20,2020-21
1629670,Jordan Nwora,1610612749,2019-20,2020-21
1626253,Axel Toupane,1610612749,2019-20,2020-21
1630200,Tre Jones,1610612759,2019-20,2020-21
1630170,Devin Vassell,1610612759,2019-20,2020-21
1629617,Reggie Perry,1610612751,2019-20,2020-21
201142,Kevin Durant,1610612751,2019-20,2020-21
1628455,Mike James,1610612751,2019-20,2020-21
1630273,Freddie Gillespie,1610612761,2019-20,2020-21
1630201,Malachi Flynn,1610612761,2019-20,2020-21
1630223,Jalen Harris,1610612761,2019-20,2020-21
1628432,Davon Reed,1610612743,2020-21,2021-22
1630538,Bones Hyland,1610612743,2020-21,2021-22
1630637,Carlik Jones,1610612743,2020-21,2021-22
1627822,Petr Cornelie,1610612743,2020-21,2021-22
1626208,Keifer Sykes,1610612754,2020-21,2021-22
1626147,Justin Anderson,1610612754,2020-21,2021-22
1629958,Ahmad Caver,1610612754,2020-21,2021-22
1630537,Chris Duarte,1610612754,2020-21,2021-22
1630543,Isaiah Jackson,1610612754,2020-21,2021-22
1630610,DeJon Jarreau,1610612754,2020-21,2021-22
1630613,Duane Washington Jr.,1610612754,2020-21,2021-22
1630678,Terry Taylor,1610612754,2020-21,2021-22
202362,Lance Stephenson,1610612754,2020-21,2021-22
1628221,Gabe York,1610612754,2020-21,2021-22
1630346,Matt Ryan,1610612738,2020-21,2021-22
1630573,Sam Hauser,1610612738,2020-21,2021-22
203917,Nik Stauskas,1610612738,2020-21,2021-22
101139,CJ Miles,1610612738,2020-21,2021-22
2207,Joe Johnson,1610612738,2020-21,2021-22
1630688,Ish Wainright,1610612756,2020-21,2021-22
1628238,Paris Bass,1610612756,2020-21,2021-22
1630640,MJ Walker,1610612756,2020-21,2021-22
1630994,Gabriel Lundberg,1610612756,2020-21,2021-22
1629150,Emanuel Terry,1610612756,2020-21,2021-22
1630792,Malcolm Hill,1610612741,2020-21,2021-22
1630250,Marko Simonovic,1610612741,2020-21,2021-22
1630245,Ayo Dosunmu,1610612741,2020-21,2021-22
1630624,Feron Hunt,1610612752,2020-21,2021-22
1629760,Matt Mooney,1610612752,2020-21,2021-22
1627782,Wayne Selden,1610612752,2020-21,2021-22
1630540,Miles McBride,1610612752,2020-21,2021-22
1630579,Jericho Sims,1610612752,2020-21,2021-22
1629656,Quentin Grimes,1610612752,2020-21,2021-22
1629788,Tyler Hall,1610612752,2020-21,2021-22
1630526,Jeremiah Robinson-Earl,1610612760,2020-21,2021-22
1630306,Rob Edwards,1610612760,2020-21,2021-22
1630598,Aaron Wiggins,1610612760,2020-21,2021-22
203816,Scotty Hopson,1610612760,2020-21,2021-22
1630249,Vít Krejčí,1610612760,2020-21,2021-22
1630846,Olivier Sarr,1610612760,2020-21,2021-22
1630285,Zavier Simpson,1610612760,2020-21,2021-22
1630544,Tre Mann,1610612760,2020-21,2021-22
1630322,Lindy Waters III,1610612760,2020-21,2021-22
1630581,Josh Giddey,1610612760,2020-21,2021-22
1628982,Melvin Frazier Jr.,1610612760,2020-21,2021-22
1630686,Georgios Kalaitzakis,1610612760,2020-21,2021-22
202691,Klay Thompson,1610612744,2020-21,2021-22
1630228,Jonathan Kuminga,1610612744,2020-21,2021-22
1630541,Moses Moody,1610612744,2020-21,2021-22
201954,Darren Collison,1610612747,2020-21,2021-22
1629203,Jemerrio Jones,1610612747,2020-21,2021-22
1630644,Mac McClung,1610612747,2020-21,2021-22
1630643,Jay Huff,1610612747,2020-21,2021-22
1630559,Austin Reaves,1610612747,2020-21,2021-22
1630692,Jordan Goodwin,1610612764,2020-21,2021-22
1630693,Jaime Echenique,1610612764,2020-21,2021-22
1628591,Craig Sword,1610612764,2020-21,2021-22
1630225,Isaiah Todd,1610612764,2020-21,2021-22
1630648,Jordan Schakel,1610612764,2020-21,2021-22
1630555,Joel Ayayi,1610612764,2020-21,2021-22
1630557,Corey Kispert,1610612764,2020-21,2021-22
1630560,Cam Thomas,1610612751,2020-21,2021-22
1630561,David Duke Jr.,1610612751,2020-21,2021-22
1630556,Kessler Edwards,1610612751,2020-21,2021-22
1630549,Day'Ron Sharpe,1610612751,2020-21,2021-22
1629875,Xavier Moon,1610612746,2020-21,2021-22
1630527,Brandon Boston Jr.,1610612746,2020-21,2021-22
1630596,Evan Mobley,1610612739,2020-21,2021-22
1630698,Kevin Pangos,1610612739,2020-21,2021-22
1629005,Malik Newman,1610612739,2020-21,2021-22
1630286,Trevon Scott,1610612739,2020-21,2021-22
1630612,RJ Nembhard Jr.,1610612739,2020-21,2021-22
1629312,Haywood Highsmith,1610612748,2020-21,2021-22
1630209,Omer Yurtseven,1610612748,2020-21,2021-22
1630606,Javonte Smart,1610612748,2020-21,2021-22
1630585,Marcus Garrett,1610612748,2020-21,2021-22
1629600,Jarron Cumberland,1610612757,2020-21,2021-22
1630787,Cameron McGriff,1610612757,2020-21,2021-22
1630535,Greg Brown III,1610612757,2020-21,2021-22
1630314,Brandon Williams,1610612757,2020-21,2021-22
1630570,Trendon Watford,1610612757,2020-21,2021-22
1630553,Keon Johnson,1610612757,2020-21,2021-22
202328,Greg Monroe,1610612750,2020-21,2021-22
1630593,McKinley Wright IV,1610612750,2020-21,2021-22
1630195,Leandro Bolmaro,1610612750,2020-21,2021-22
1630528,Josh Christopher,1610612745,2020-21,2021-22
1630243,Trevelin Queen,1610612745,2020-21,2021-22
1630224,Jalen Green,1610612745,2020-21,2021-22
1630578,Alperen Sengun,1610612745,2020-21,2021-22
1630227,Daishen Nix,1610612745,2020-21,2021-22
1630586,Usman Garuba,1610612745,2020-21,2021-22
1629619,Myles Powell,1610612755,2020-21,2021-22
1630531,Jaden Springer,1610612755,2020-21,2021-22
1630565,Aaron Henry,1610612755,2020-21,2021-22
1629646,Charles Bassey,1610612755,2020-21,2021-22
1630625,Dalano Banton,1610612761,2020-21,2021-22
1630567,Scottie Barnes,1610612761,2020-21,2021-22
1626155,Sam Dekker,1610612761,2020-21,2021-22
1630551,Justin Champagnie,1610612761,2020-21,2021-22
1630525,David Johnson,1610612761,2020-21,2021-22
1629602,Javin DeLaurier,1610612749,2020-21,2021-22
1630572,Sandro Mamukelashvili,1610612749,2020-21,2021-22
1629623,Lindell Wigginton,1610612749,2020-21,2021-22
1630539,Kai Jones,1610612766,2020-21,2021-22
1630575,Scottie Lewis,1610612766,2020-21,2021-22
1630547,James Bouknight,1610612766,2020-21,2021-22
1630550,JT Thor,1610612766,2020-21,2021-22
1629083,Arnoldas Kulboka,1610612766,2020-21,2021-22
202688,Brandon Knight,1610612742,2020-21,2021-22
1628994,George King,1610612742,2020-21,2021-22
1630605,JaQuori McLaughlin,1610612742,2020-21,2021-22
1630647,Eugene Omoruyi,1610612742,2020-21,2021-22
1630589,Moses Wright,1610612742,2020-21,2021-22
1630536,Sharife Cooper,1610612737,2020-21,2021-22
1630602,Chaundee Brown Jr.,1610612737,2020-21,2021-22
1630552,Jalen Johnson,1610612737,2020-21,2021-22
1627760,Cat Barber,1610612737,2020-21,2021-22
1629597,Zylan Cheatham,1610612762,2020-21,2021-22
1630270,Xavier Sneed,1610612762,2020-21,2021-22
1630215,Jared Butler,1610612762,2020-21,2021-22
1630533,Ziaire Williams,1610612763,2020-21,2021-22
1629783,Shaq Buchanan,1610612763,2020-21,2021-22
1630257,Jon Teske,1610612763,2020-21,2021-22
1630582,Yves Pons,1610612763,2020-21,2021-22
1630583,Santi Aldama,1610612763,2020-21,2021-22
1630529,Herbert Jones,1610612740,2020-21,2021-22
1630530,Trey Murphy III,1610612740,2020-21,2021-22
1627820,Tyrone Wallace,1610612740,2020-21,2021-22
1630631,Jose Alvarado,1610612740,2020-21,2021-22
1626144,Emmanuel Mudiay,1610612758,2020-21,2021-22
1630558,Davion Mitchell,1610612758,2020-21,2021-22
1629674,Neemias Queta,1610612758,2020-21,2021-22
1630278,Ade Murkey,1610612758,2020-21,2021-22
1630532,Franz Wagner,1610612753,2020-21,2021-22
1630758,Aleem Ford,1610612753,2020-21,2021-22
1629678,Admiral Schofield,1610612753,2020-21,2021-22
1630288,Jeff Dowtin Jr.,1610612753,2020-21,2021-22
1629168,BJ Johnson,1610612753,2020-21,2021-22
1629755,Hassani Gravett,1610612753,2020-21,2021-22
1630591,Jalen Suggs,1610612753,2020-21,2021-22
1630595,Cade Cunningham,1610612765,2020-21,2021-22
1630691,Jamorko Pickett,1610612765,2020-21,2021-22
1630695,Micah Potter,1610612765,2020-21,2021-22
1630568,Luka Garza,1610612765,2020-21,2021-22
1629873,Jaysean Paige,1610612765,2020-21,2021-22
1627767,Cheick Diallo,1610612765,2020-21,2021-22
1630296,Braxton Key,1610612765,2020-21,2021-22
1630587,Isaiah Livers,1610612765,2020-21,2021-22
1628476,Derrick Walton Jr.,1610612765,2020-21,2021-22
1629309,Trayvon Palmer,1610612765,2020-21,2021-22
1630563,Joshua Primo,1610612759,2020-21,2021-22
1630580,Joe Wieskamp,1610612759,2020-21,2021-22
1629111,Jock Landale,1610612759,2020-21,2021-22
1628537,Jaylen Morris,1610612759,2020-21,2021-22
1628380,Zach Collins,1610612759,2020-21,2021-22
1631128,Christian Braun,1610612743,2021-22,2022-23
1631298,Jack White,1610612743,2021-22,2022-23
1631212,Peyton Watson,1610612743,2021-22,2022-23
1627750,Jamal Murray,1610612743,2021-22,2022-23
1630701,Michael Foster Jr.,1610612755,2021-22,2022-23
203933,T.J. Warren,1610612756,2021-22,2022-23
1631120,JD Davison,1610612738,2021-22,2022-23
1629662,Mfiondu Kabengele,1610612738,2021-22,2022-23
203943,Noah Vonleh,1610612738,2021-22,2022-23
203967,Dario Saric,1610612760,2021-22,2022-23
1631114,Jalen Williams,1610612760,2021-22,2022-23
1631172,Ousmane Dieng,1610612760,2021-22,2022-23
1631119,Jaylin Williams,1610612760,2021-22,2022-23
203521,Matthew Dellavedova,1610612758,2021-22,2022-23
1629126,Deonte Burton,1610612758,2021-22,2022-23
1631320,Chima Moneke,1610612758,2021-22,2022-23
1631099,Keegan Murray,1610612758,2021-22,2022-23
1631165,Keon Ellis,1610612758,2021-22,2022-23
1630284,Kevon Harris,1610612753,2021-22,2022-23
1631216,Caleb Houstan,1610612753,2021-22,2022-23
1628371,Jonathan Isaac,1610612753,2021-22,2022-23
1631094,Paolo Banchero,1610612753,2021-22,2022-23
203487,Michael Carter-Williams,1610612753,2021-22,2022-23
1631112,Kendall Brown,1610612754,2021-22,2022-23
1631097,Bennedict Mathurin,1610612754,2021-22,2022-23
1629614,Andrew Nembhard,1610612754,2021-22,2022-23
1631211,Trevor Keels,1610612752,2021-22,2022-23
1631207,Dalen Terry,1610612741,2021-22,2022-23
1629627,Zion Williamson,1610612740,2021-22,2022-23
1630700,Dyson Daniels,1610612740,2021-22,2022-23
1631220,Dereon Seabron,1610612740,2021-22,2022-23
1631106,Tari Eason,1610612745,2021-22,2022-23
1631309,Trevor Hudgins,1610612745,2021-22,2022-23
1631095,Jabari Smith Jr.,1610612745,2021-22,2022-23
1630620,Darius Days,1610612745,2021-22,2022-23
1631102,TyTy Washington Jr.,1610612745,2021-22,2022-23
1631217,Moussa Diabaté,1610612746,2021-22,2022-23
202322,John Wall,1610612746,2021-22,2022-23
1630554,Jason Preston,1610612746,2021-22,2022-23
202695,Kawhi Leonard,1610612746,2021-22,2022-23
1630564,RaiQuan Gray,1610612751,2021-22,2022-23
1630696,Dru Smith,1610612751,2021-22,2022-23
1631214,Alondes Williams,1610612751,2021-22,2022-23
1627732,Ben Simmons,1610612751,2021-22,2022-23
1628410,Edmond Sumner,1610612751,2021-22,2022-23
1631116,Patrick Baldwin Jr.,1610612744,2021-22,2022-23
1631157,Ryan Rollins,1610612744,2021-22,2022-23
1631311,Lester Quiñones,1610612744,2021-22,2022-23
1631303,Justin Minaya,1610612757,2021-22,2022-23
1631466,Nate Williams,1610612757,2021-22,2022-23
1631133,Jabari Walker,1610612757,2021-22,2022-23
1628435,Chance Comanche,1610612757,2021-22,2022-23
1631219,John Butler Jr.,1610612757,2021-22,2022-23
1631101,Shaedon Sharpe,1610612757,2021-22,2022-23
1631306,Cole Swider,1610612747,2021-22,2022-23
1631108,Max Christie,1610612747,2021-22,2022-23
1630590,Scotty Pippen Jr.,1610612747,2021-22,2022-23
1631169,Josh Minott,1610612750,2021-22,2022-23
1631111,Wendell Moore Jr.,1610612750,2021-22,2022-23
1631098,Johnny Davis,1610612764,2021-22,2022-23
1631245,Quenton Jackson,1610612764,2021-22,2022-23
1629134,Kendrick Nunn,1610612764,2021-22,2022-23
1641645,Xavier Cooks,1610612764,2021-22,2022-23
1631132,Christian Koloko,1610612761,2021-22,2022-23
1631199,Ron Harper Jr.,1610612761,2021-22,2022-23
1628424,Kobi Simmons,1610612766,2021-22,2022-23
1631121,Bryce McGowens,1610612766,2021-22,2022-23
1631109,Mark Williams,1610612766,2021-22,2022-23
1631288,Jamal Cain,1610612748,2021-22,2022-23
1631107,Nikola Jović,1610612748,2021-22,2022-23
1631115,Orlando Robinson,1610612748,2021-22,2022-23
1631123,Jamaree Bouyea,1610612748,2021-22,2022-23
1628416,Tyler Dorsey,1610612742,2021-22,2022-23
1630702,Jaden Hardy,1610612742,2021-22,2022-23
1630639,A.J. Lawson,1610612742,2021-22,2022-23
1630699,MarJon Beauchamp,1610612749,2021-22,2022-23
1631260,AJ Green,1610612749,2021-22,2022-23
203086,Meyers Leonard,1610612749,2021-22,2022-23
1631100,AJ Griffin,1610612737,2021-22,2022-23
1631213,Tyrese Martin,1610612737,2021-22,2022-23
1631495,Donovan Williams,1610612737,2021-22,2022-23
1630534,Ochai Agbaji,1610612762,2021-22,2022-23
1629677,Luka Samanic,1610612762,2021-22,2022-23
1631117,Walker Kessler,1610612762,2021-22,2022-23
1629714,Jarrell Brantley,1610612762,2021-22,2022-23
1630548,Johnny Juzang,1610612762,2021-22,2022-23
1631323,Simone Fontecchio,1610612762,2021-22,2022-23
1631367,Jacob Gilyard,1610612763,2021-22,2022-23
1631113,Kennedy Chandler,1610612763,2021-22,2022-23
1631246,Vince Williams Jr.,1610612763,2021-22,2022-23
1631222,Jake LaRavia,1610612763,2021-22,2022-23
1631223,David Roddy,1610612763,2021-22,2022-23
1631254,Kenneth Lofton Jr.,1610612763,2021-22,2022-23
1630600,Isaiah Mobley,1610612739,2021-22,2022-23
1631105,Jalen Duren,1610612765,2021-22,2022-23
1631205,Buddy Boeheim,1610612765,2021-22,2022-23
1630164,James Wiseman,1610612765,2021-22,2022-23
1631093,Jaden Ivey,1610612765,2021-22,2022-23
1630649,Stanley Umude,1610612765,2021-22,2022-23
1631197,Jared Rhoden,1610612765,2021-22,2022-23
1631104,Blake Wesley,1610612759,2021-22,2022-23
1631110,Jeremy Sochan,1610612759,2021-22,2022-23
1630577,Julian Champagnie,1610612759,2021-22,2022-23
1631160,Jordan Hall,1610612759,2021-22,2022-23
1631230,Dominick Barlow,1610612759,2021-22,2022-23
1631103,Malaki Branham,1610612759,2021-22,2022-23
1641765,Olivier-Maxence Prosper,1610612742,2022-23,2023-24
1641926,Dexter Dennis,1610612742,2022-23,2023-24
1630314,Brandon Williams,1610612742,2022-23,2023-24
203957,Dante Exum,1610612742,2022-23,2023-24
1641788,Alex Fudge,1610612742,2022-23,2023-24
1641726,Dereck Lively II,1610612742,2022-23,2023-24
201568,Danilo Gallinari,1610612749,2022-23,2023-24
1641753,Chris Livingston,1610612749,2022-23,2023-24
1641748,Andre Jackson Jr.,1610612749,2022-23,2023-24
1641754,Seth Lundy,1610612737,2022-23,2023-24
1631243,Mouhamed Gueye,1610612737,2022-23,2023-24
1641723,Kobe Bufkin,1610612737,2022-23,2023-24
1641816,Hunter Tyson,1610612743,2022-23,2023-24
1629618,Jalen Pickett,1610612743,2022-23,2023-24
1631124,Julian Strawther,1610612743,2022-23,2023-24
1631221,Collin Gillespie,1610612743,2022-23,2023-24
1631209,Isaiah Wong,1610612754,2022-23,2023-24
1631131,Oscar Tshiebwe,1610612754,2022-23,2023-24
1641716,Jarace Walker,1610612754,2022-23,2023-24
1641767,Ben Sheppard,1610612754,2022-23,2023-24
1641717,Cason Wallace,1610612760,2022-23,2023-24
1641745,Adam Flagler,1610612760,2022-23,2023-24
1631096,Chet Holmgren,1610612760,2022-23,2023-24
1641749,Keyontae Johnson,1610612760,2022-23,2023-24
1641724,Jett Howard,1610612753,2022-23,2023-24
1641710,Anthony Black,1610612753,2022-23,2023-24
1628391,D.J. Wilson,1610612753,2022-23,2023-24
1641809,Drew Peterson,1610612738,2022-23,2023-24
1641775,Jordan Walsh,1610612738,2022-23,2023-24
1631204,Marcus Sasser,1610612765,2022-23,2023-24
1641709,Ausar Thompson,1610612765,2022-23,2023-24
1630285,Zavier Simpson,1610612765,2022-23,2023-24
1629007,Jontay Porter,1610612765,2022-23,2023-24
1630608,Malcolm Cazalon,1610612765,2022-23,2023-24
1641787,Tosan Evbuomwan,1610612765,2022-23,2023-24
1641763,Julian Phillips,1610612741,2022-23,2023-24
1641766,Adama Sanogo,1610612741,2022-23,2023-24
1641931,Onuralp Bitim,1610612741,2022-23,2023-24
1630929,Henri Drell,1610612741,2022-23,2023-24
1641847,Andrew Funk,1610612741,2022-23,2023-24
1641732,Colby Jones,1610612758,2022-23,2023-24
1628426,Sasha Vezenkov,1610612758,2022-23,2023-24
1641771,Jalen Slawson,1610612758,2022-23,2023-24
1630222,Mason Jones,1610612758,2022-23,2023-24
1630259,Jordan Ford,1610612758,2022-23,2023-24
1631321,Sidy Cissoko,1610612759,2022-23,2023-24
1641705,Victor Wembanyama,1610612759,2022-23,2023-24
1630592,Jalen Wilson,1610612751,2022-23,2023-24
1641730,Noah Clowney,1610612751,2022-23,2023-24
1629717,Armoni Brooks,1610612751,2022-23,2023-24
1641727,Dariq Whitehead,1610612751,2022-23,2023-24
1631257,Jermaine Samuels Jr.,1610612745,2022-23,2023-24
1641715,Cam Whitmore,1610612745,2022-23,2023-24
1641708,Amen Thompson,1610612745,2022-23,2023-24
1630207,Nate Hinton,1610612745,2022-23,2023-24
1641738,Kobe Brown,1610612746,2022-23,2023-24
1641757,Jordan Miller,1610612746,2022-23,2023-24
1641764,Brandin Podziemski,1610612744,2022-23,2023-24
1630311,Pat Spencer,1610612744,2022-23,2023-24
1631218,Trayce Jackson-Davis,1610612744,2022-23,2023-24
1629010,Jerome Robinson,1610612744,2022-23,2023-24
1630611,Gui Santos,1610612744,2022-23,2023-24
1631200,Kris Murray,1610612757,2022-23,2023-24
1641739,Toumani Camara,1610612757,2022-23,2023-24
1630703,Scoot Henderson,1610612757,2022-23,2023-24
1641871,Duop Reath,1610612757,2022-23,2023-24
1630641,Ibou Badji,1610612757,2022-23,2023-24
1641712,Rayan Rupert,1610612757,2022-23,2023-24
1631386,Taze Moore,1610612757,2022-23,2023-24
1630204,Ashton Hagans,1610612757,2022-23,2023-24
1641793,D'Moi Hodge,1610612747,2022-23,2023-24
1630658,Colin Castleton,1610612747,2022-23,2023-24
1628385,Harry Giles III,1610612747,2022-23,2023-24
1641720,Jalen Hood-Schifino,1610612747,2022-23,2023-24
1641721,Maxwell Lewis,1610612747,2022-23,2023-24
1631159,Leonard Miller,1610612750,2022-23,2023-24
1641731,Bilal Coulibaly,1610612764,2022-23,2023-24
1641774,Tristan Vukcevic,1610612764,2022-23,2023-24
1631262,Jules Bernard,1610612764,2022-23,2023-24
1631170,Jaime Jaquez Jr.,1610612748,2022-23,2023-24
202738,Isaiah Thomas,1610612756,2022-23,2023-24
1630562,Matt Hurt,1610612763,2022-23,2023-24
1641998,Trey Jemison III,1610612763,2022-23,2023-24
1641713,GG Jackson,1610612763,2022-23,2023-24
1641970,Maozinha Pereira,1610612763,2022-23,2023-24
1630610,DeJon Jarreau,1610612763,2022-23,2023-24
1641851,Timmy Allen,1610612763,2022-23,2023-24
1630604,E.J. Liddell,1610612740,2022-23,2023-24
1629232,Kaiser Gates,1610612740,2022-23,2023-24
1641722,Jordan Hawkins,1610612740,2022-23,2023-24
1630622,Jalen Crutcher,1610612740,2022-23,2023-24
1631167,Izaiah Brockington,1610612740,2022-23,2023-24
1641733,Nick Smith Jr.,1610612766,2022-23,2023-24
1641735,Amari Bailey,1610612766,2022-23,2023-24
1628970,Miles Bridges,1610612766,2022-23,2023-24
1641706,Brandon Miller,1610612766,2022-23,2023-24
1641778,Leaky Black,1610612766,2022-23,2023-24
1629716,Marques Bolden,1610612766,2022-23,2023-24
1641877,Nathan Mensah,1610612766,2022-23,2023-24
203995,Vasilije Micic,1610612766,2022-23,2023-24
1641854,Craig Porter Jr.,1610612739,2022-23,2023-24
1631250,Pete Nance,1610612739,2022-23,2023-24
202684,Tristan Thompson,1610612739,2022-23,2023-24
1641734,Emoni Bates,1610612739,2022-23,2023-24
1631241,Javon Freeman-Liberty,1610612761,2022-23,2023-24
1630186,Jahmi'us Ramsey,1610612761,2022-23,2023-24
1631338,Mouhamadou Gueye,1610612761,2022-23,2023-24
1641806,Markquis Nowell,1610612761,2022-23,2023-24
1641711,Gradey Dick,1610612761,2022-23,2023-24
1630618,D.J. Carton,1610612761,2022-23,2023-24
1642013,Malik Williams,1610612761,2022-23,2023-24
1641729,Brice Sensabaugh,1610612762,2022-23,2023-24
1641707,Taylor Hendricks,1610612762,2022-23,2023-24
1641718,Keyonte George,1610612762,2022-23,2023-24
1641741,Ricky Council IV,1610612755,2022-23,2023-24
1630196,Filip Petrusev,1610612755,2022-23,2023-24
1631173,Terquavion Smith,1610612755,2022-23,2023-24
1630606,Javonte Smart,1610612755,2022-23,2023-24
1631376,Dmytro Skapintsev,1610612752,2022-23,2023-24
1629610,DaQuan Jeffries,1610612752,2022-23,2023-24
1631210,Jacob Toppin,1610612752,2022-23,2023-24
1629718,Charlie Brown Jr.,1610612752,2022-23,2023-24
1630539,Kai Jones,1610612742,2023-24,2024-25
1641789,Jazian Gortman,1610612742,2023-24,2024-25
1641857,Liam Robbins,1610612749,2023-24,2024-25
1641890,Tyler Smith,1610612749,2023-24,2024-25
1629645,Kevin Porter Jr.,1610612749,2023-24,2024-25
1642258,Zaccharie Risacher,1610612737,2023-24,2024-25
1630811,Keaton Wallace,1610612737,2023-24,2024-25
1631342,Daeqwon Plowden,1610612737,2023-24,2024-25
1642461,Spencer Jones,1610612743,2023-24,2024-25
1628427,Vlatko Cancar,1610612743,2023-24,2024-25
1641725,Trey Alexander,1610612743,2023-24,2024-25
1641790,PJ Hall,1610612743,2023-24,2024-25
1642368,N'Faly Dante,1610612745,2023-24,2024-25
1629098,Jack McVeigh,1610612745,2023-24,2024-25
203500,Steven Adams,1610612745,2023-24,2024-25
1642263,Reed Sheppard,1610612745,2023-24,2024-25
1642402,Enrique Freeman,1610612754,2023-24,2024-25
1642277,Johnny Furphy,1610612754,2023-24,2024-25
1628396,Tony Bradley,1610612754,2023-24,2024-25
1642484,RayJ Dennis,1610612754,2023-24,2024-25
1626143,Jahlil Okafor,1610612754,2023-24,2024-25
1641794,Dillon Jones,1610612760,2023-24,2024-25
1642502,Malevy Leons,1610612760,2023-24,2024-25
1642505,Alex Ducas,1610612760,2023-24,2024-25
1642349,Ajay Mitchell,1610612760,2023-24,2024-25
1642382,Branden Carlson,1610612760,2023-24,2024-25
1641824,Matas Buzelis,1610612741,2023-24,2024-25
1641801,Emanuel Miller,1610612741,2023-24,2024-25
1642443,Jahmir Young,1610612741,2023-24,2024-25
1628366,Lonzo Ball,1610612741,2023-24,2024-25
1630644,Mac McClung,1610612753,2023-24,2024-25
1641783,Tristan da Silva,1610612753,2023-24,2024-25
1631248,Baylor Scheierman,1610612738,2023-24,2024-25
1641936,Miles Norris,1610612738,2023-24,2024-25
1642278,Tyler Kolek,1610612752,2023-24,2024-25
1630574,Ariel Hukporti,1610612752,2023-24,2024-25
1642359,Pacôme Dadiet,1610612752,2023-24,2024-25
1641817,Anton Watson,1610612752,2023-24,2024-25
1641755,Kevin McCullar Jr.,1610612752,2023-24,2024-25
1642275,Tidjane Salaün,1610612766,2023-24,2024-25
1631301,Jaylen Sims,1610612766,2023-24,2024-25
1642354,KJ Simpson,1610612766,2023-24,2024-25
1641878,Damion Baugh,1610612766,2023-24,2024-25
1630585,Marcus Garrett,1610612766,2023-24,2024-25
1629056,Terence Davis,1610612758,2023-24,2024-25
1627746,Skal Labissiere,1610612758,2023-24,2024-25
1642403,Isaac Jones,1610612758,2023-24,2024-25
1642384,Isaiah Crawford,1610612758,2023-24,2024-25
1642269,Devin Carter,1610612758,2023-24,2024-25
1630528,Josh Christopher,1610612748,2023-24,2024-25
1642276,Kel'el Ware,1610612748,2023-24,2024-25
1641796,Pelle Larsson,1610612748,2023-24,2024-25
1642352,Keshad Johnson,1610612748,2023-24,2024-25
1641815,Isaiah Stevens,1610612748,2023-24,2024-25
1642280,Trentyn Flowers,1610612746,2023-24,2024-25
1642353,Cam Christie,1610612746,2023-24,2024-25
1642050,Jackson Rowe,1610612744,2023-24,2024-25
1642366,Quinten Post,1610612744,2023-24,2024-25
1641879,Yuri Collins,1610612744,2023-24,2024-25
1642270,Donovan Clingan,1610612757,2023-24,2024-25
1642439,Quincy Olivari,1610612747,2023-24,2024-25
1630283,Kylor Kelley,1610612747,2023-24,2024-25
1642355,Bronny James,1610612747,2023-24,2024-25
1642261,Dalton Knecht,1610612747,2023-24,2024-25
1642422,Armel Traore,1610612747,2023-24,2024-25
1631132,Christian Koloko,1610612747,2023-24,2024-25
1641803,Tristen Newton,1610612750,2023-24,2024-25
1641740,Jaylen Clark,1610612750,2023-24,2024-25
1630545,Terrence Shannon Jr.,1610612750,2023-24,2024-25
1628408,PJ Dozier,1610612750,2023-24,2024-25
1642265,Rob Dillingham,1610612750,2023-24,2024-25
1642399,Jesse Edwards,1610612750,2023-24,2024-25
1642273,Kyshawn George,1610612764,2023-24,2024-25
1641798,Jaylen Martin,1610612764,2023-24,2024-25
1642259,Alex Sarr,1610612764,2023-24,2024-25
1642358,AJ Johnson,1610612764,2023-24,2024-25
1642267,Bub Carrington,1610612764,2023-24,2024-25
1641736,Reece Beekman,1610612751,2023-24,2024-25
1631213,Tyrese Martin,1610612751,2023-24,2024-25
1642385,Cui Cui,1610612751,2023-24,2024-25
1631166,Drew Timme,1610612751,2023-24,2024-25
1630623,Tyson Etienne,1610612751,2023-24,2024-25
1641752,Bobi Klintman,1610612765,2023-24,2024-25
1642449,Tolu Smith,1610612765,2023-24,2024-25
1642450,Daniss Jenkins,1610612765,2023-24,2024-25
1641842,Ronald Holland II,1610612765,2023-24,2024-25
1642264,Stephon Castle,1610612759,2023-24,2024-25
1642434,Riley Minix,1610612759,2023-24,2024-25
1631127,Harrison Ingram,1610612759,2023-24,2024-25
1642345,Oso Ighodaro,1610612756,2023-24,2024-25
1642346,Ryan Dunn,1610612756,2023-24,2024-25
1641779,Jalen Bridges,1610612756,2023-24,2024-25
1627814,Damion Lee,1610612756,2023-24,2024-25
1642530,Yuki Kawamura,1610612763,2023-24,2024-25
1642377,Jaylen Wells,1610612763,2023-24,2024-25
1642285,Cam Spencer,1610612763,2023-24,2024-25
1641744,Zach Edey,1610612763,2023-24,2024-25
1642389,Zyon Pullin,1610612763,2023-24,2024-25
1631232,Keion Brooks Jr.,1610612740,2023-24,2024-25
1642274,Yves Missi,1610612740,2023-24,2024-25
1641810,Antonio Reeves,1610612740,2023-24,2024-25
1631255,Karlo Matković,1610612740,2023-24,2024-25
203901,Elfrid Payton,1610612740,2023-24,2024-25
1642268,Isaiah Collier,1610612762,2023-24,2024-25
1641989,Elijah Harkless,1610612762,2023-24,2024-25
1642262,Cody Williams,1610612762,2023-24,2024-25
1642271,Kyle Filipowski,1610612762,2023-24,2024-25
1642279,Ulrich Chomche,1610612761,2023-24,2024-25
1642347,Jamal Shead,1610612761,2023-24,2024-25
1642419,Jamison Battle,1610612761,2023-24,2024-25
1642266,Ja'Kobe Walter,1610612761,2023-24,2024-25
1642367,Jonathan Mogbo,1610612761,2023-24,2024-25
1642272,Jared McCain,1610612755,2023-24,2024-25
1642024,Alex Reese,1610612755,2023-24,2024-25
1641737,Adem Bona,1610612755,2023-24,2024-25
1630762,Phillip Wheeler,1610612755,2023-24,2024-25
1642348,Justin Edwards,1610612755,2023-24,2024-25
1630542,Marcus Bagley,1610612755,2023-24,2024-25
1627824,Guerschon Yabusele,1610612755,2023-24,2024-25
1642281,Jaylon Tyson,1610612739,2023-24,2024-25
1641772,Nae'Qwan Tomlin,1610612739,2023-24,2024-25
1631247,Luke Travers,1610612739,2023-24,2024-25
1642867,Collin Murray-Boyles,1610612761,2024-25,2025-26
1642918,Alijah Martin,1610612761,2024-25,2025-26
1642935,Chucky Hepburn,1610612761,2024-25,2025-26
203648,Thanasis Antetokounmpo,1610612749,2024-25,2025-26
1642504,Cormac Ryan,1610612749,2024-25,2025-26
1630828,Alex Antetokounmpo,1610612749,2024-25,2025-26
1641813,Mark Sears,1610612749,2024-25,2025-26
1642848,Tre Johnson,1610612764,2024-25,2025-26
1642882,Julian Reese,1610612764,2024-25,2025-26
1630536,Sharife Cooper,1610612764,2024-25,2025-26
1642955,Kadary Richmond,1610612764,2024-25,2025-26
1642860,Will Riley,1610612764,2024-25,2025-26
1641778,Leaky Black,1610612764,2024-25,2025-26
1642364,Jamir Watkins,1610612764,2024-25,2025-26
1642938,Curtis Jones,1610612743,2024-25,2025-26
1641747,DaRon Holmes II,1610612743,2024-25,2025-26
1642880,Kam Jones,1610612754,2024-25,2025-26
1641771,Jalen Slawson,1610612754,2024-25,2025-26
1643007,Taelon Peter,1610612754,2024-25,2025-26
1630679,Ethan Thompson,1610612754,2024-25,2025-26
1642362,Payton Sandfort,1610612760,2024-25,2025-26
1642964,Brooks Barnhizer,1610612760,2024-25,2025-26
1631205,Buddy Boeheim,1610612760,2024-25,2025-26
1642260,Nikola Topić,1610612760,2024-25,2025-26
1631338,Mouhamadou Gueye,1610612741,2024-25,2025-26
1642950,Lachlan Olbrich,1610612741,2024-25,2025-26
1642855,Noa Essengue,1610612741,2024-25,2025-26
1642282,Hunter Sallis,1610612755,2024-25,2025-26
1641780,Johni Broome,1610612755,2024-25,2025-26
1642845,VJ Edgecombe,1610612755,2024-25,2025-26
1642864,Hugo González,1610612738,2024-25,2025-26
1642873,Amari Williams,1610612738,2024-25,2025-26
1642917,Max Shulga,1610612738,2024-25,2025-26
1642910,John Tonje,1610612738,2024-25,2025-26
1642857,Kasparas Jakučionis,1610612748,2024-25,2025-26
1642066,Myron Gardner,1610612748,2024-25,2025-26
1631211,Trevor Keels,1610612748,2024-25,2025-26
1642884,Vladislav Goldin,1610612748,2024-25,2025-26
1643024,Chris Mañon,1610612747,2024-25,2025-26
1642876,Adou Thiero,1610612747,2024-25,2025-26
1642949,Yanic Konan Niederhäuser,1610612746,2024-25,2025-26
1643141,Jahmyl Telfort,1610612746,2024-25,2025-26
1642951,Sean Pedulla,1610612746,2024-25,2025-26
1642920,Kobe Sanders,1610612746,2024-25,2025-26
1641807,Norchad Omier,1610612746,2024-25,2025-26
1642905,Yang Hansen,1610612757,2024-25,2025-26
1642959,Chris Youngblood,1610612757,2024-25,2025-26
1631126,Caleb Love,1610612757,2024-25,2025-26
1643257,Jayson Kent,1610612757,2024-25,2025-26
1631451,Javonte Cooke,1610612757,2024-25,2025-26
1631457,Alex Morales,1610612753,2024-25,2025-26
1642859,Jase Richardson,1610612753,2024-25,2025-26
1642869,Noah Penda,1610612753,2024-25,2025-26
1642948,Ryan Nembhard,1610612742,2024-25,2025-26
1642843,Cooper Flagg,1610612742,2024-25,2025-26
1642939,Miles Kelly,1610612742,2024-25,2025-26
1642967,John Poulakidas,1610612742,2024-25,2025-26
1630619,Moussa Cisse,1610612742,2024-25,2025-26
1642866,Joan Beringer,1610612750,2024-25,2025-26
1642911,Rocco Zikarsky,1610612750,2024-25,2025-26
1642885,Mohamed Diawara,1610612752,2024-25,2025-26
1642852,Derik Queen,1610612740,2024-25,2025-26
1630180,Saddiq Bey,1610612740,2024-25,2025-26
1642490,Josh Oduro,1610612740,2024-25,2025-26
1642877,Micah Peavy,1610612740,2024-25,2025-26
1630621,Hunter Dickinson,1610612740,2024-25,2025-26
1642847,Jeremiah Fears,1610612740,2024-25,2025-26
1642404,Chaz Lanier,1610612765,2024-25,2025-26
1642868,Carter Bryant,1610612759,2024-25,2025-26
1642357,David Jones Garcia,1610612759,2024-25,2025-26
1642844,Dylan Harper,1610612759,2024-25,2025-26
1642853,Rasheer Fleming,1610612756,2024-25,2025-26
1642886,Koby Brea,1610612756,2024-25,2025-26
1643047,CJ Huntley,1610612756,2024-25,2025-26
1642863,Khaman Maluach,1610612756,2024-25,2025-26
1628502,Nigel Hayes-Davis,1610612756,2024-25,2025-26
1630587,Isaiah Livers,1610612756,2024-25,2025-26
1630209,Omer Yurtseven,1610612744,2024-25,2025-26
1643018,LJ Cryer,1610612744,2024-25,2025-26
1642954,Will Richard,1610612744,2024-25,2025-26
1642914,Javon Small,1610612763,2024-25,2025-26
1631174,Tyler Burton,1610612763,2024-25,2025-26
1642380,Adama Bal,1610612763,2024-25,2025-26
1642383,Walter Clayton Jr.,1610612763,2024-25,2025-26
1630610,DeJon Jarreau,1610612763,2024-25,2025-26
1643253,Toby Okani,1610612763,2024-25,2025-26
1631351,Lucas Williamson,1610612763,2024-25,2025-26
1642907,Cedric Coward,1610612763,2024-25,2025-26
1643133,Lawson Lovering,1610612763,2024-25,2025-26
1642942,Jahmai Mashack,1610612763,2024-25,2025-26
1642883,Sion James,1610612766,2024-25,2025-26
1642851,Kon Knueppel,1610612766,2024-25,2025-26
1642862,Liam McNeeley,1610612766,2024-25,2025-26
1641750,Ryan Kalkbrenner,1610612766,2024-25,2025-26
1643016,Bez Mbeng,1610612762,2024-25,2025-26
1631113,Kennedy Chandler,1610612762,2024-25,2025-26
1643060,Hayden Gray,1610612762,2024-25,2025-26
1643158,Andersson Garcia,1610612762,2024-25,2025-26
1642396,Blake Hinson,1610612762,2024-25,2025-26
1642846,Ace Bailey,1610612762,2024-25,2025-26
1641761,Grant Nelson,1610612751,2024-25,2025-26
1642849,Nolan Traore,1610612751,2024-25,2025-26
1642856,Egor Dëmin,1610612751,2024-25,2025-26
1643052,Chaney Johnson,1610612751,2024-25,2025-26
1641869,Malachi Smith,1610612751,2024-25,2025-26
1630286,Trevon Scott,1610612751,2024-25,2025-26
1642962,Drake Powell,1610612751,2024-25,2025-26
1642874,Danny Wolf,1610612751,2024-25,2025-26
1642879,Ben Saraf,1610612751,2024-25,2025-26
1642933,Keshon Gilbert,1610612737,2024-25,2025-26
1642854,Asa Newell,1610612737,2024-25,2025-26
1642400,Tristan Enaruna,1610612739,2024-25,2025-26
1642878,Tyrese Proctor,1610612739,2024-25,2025-26
1642468,Darius Brown II,1610612739,2024-25,2025-26
1630846,Olivier Sarr,1610612739,2024-25,2025-26
1642928,Dylan Cardwell,1610612758,2024-25,2025-26
1642363,Nique Clifford,1610612758,2024-25,2025-26
1642875,Maxime Raynaud,1610612758,2024-25,2025-26
